MUSICID,MUSICNAME,difficulty_id,level,BASERATE_MAS
3,B.B.K.K.B.K.K.,2,10,
3,B.B.K.K.B.K.K.,3,11.5,
5,Scatman (Ski Ba Bop Ba Dop Bop),2,9,
5,Scatman (Ski Ba Bop Ba Dop Bop),3,11,
6,Reach for the Stars,2,9,
6,Reach for the Stars,3,12,12.3
7,初音ミクの消失,2,12,12.0
7,初音ミクの消失,3,13,13.4
10,All I Want,2,8,
10,All I Want,3,11.5,
12,紅蓮の弓矢,2,9,
12,紅蓮の弓矢,3,10,
14,コネクト,2,7,
14,コネクト,3,11,
18,千本桜,2,8,
18,千本桜,3,11,
19,DRAGONLADY,2,11,
19,DRAGONLADY,3,13,13.2
20,taboo tears you up,2,9,
20,taboo tears you up,3,12.5,12.8
21,ナイト・オブ・ナイツ,2,9,
21,ナイト・オブ・ナイツ,3,11.5,
23,一触即発☆禅ガール,2,9,
23,一触即発☆禅ガール,3,12,12.1
27,タイガーランペイジ,2,9.5,
27,タイガーランペイジ,3,12,12.5
28,Pursuing My True Self,2,8,
28,Pursuing My True Self,3,10.5,
33,Blue Noise,2,9.5,
33,Blue Noise,3,13,13
35,Lapis,2,9.5,
35,Lapis,3,12,12.4
36,届かない恋 '13,2,8.5,
36,届かない恋 '13,3,11,
37,鳥の詩,2,8,
37,鳥の詩,3,11,
38,天ノ弱,2,8,
38,天ノ弱,3,11,
41,sweet little sister,2,9,
41,sweet little sister,3,11,
42,oath sign,2,8,
42,oath sign,3,11,
43,太陽曰く燃えよカオス,2,8,
43,太陽曰く燃えよカオス,3,10.5,
45,L9,2,9,
45,L9,3,12,12.4
46,Bad Apple!! feat.nomico,2,8,
46,Bad Apple!! feat.nomico,3,10.5,
47,六兆年と一夜物語,2,9.5,
47,六兆年と一夜物語,3,12,12.1
48,Unlimited Spark!,2,9,
48,Unlimited Spark!,3,11.5,
49,エピクロスの虹はもう見えない,2,8,
49,エピクロスの虹はもう見えない,3,10,
51,My First Phone,2,10,
51,My First Phone,3,12.5,12.8
52,Cyberozar,2,11,
52,Cyberozar,3,13,13.2
53,Teriqma,2,10,
53,Teriqma,3,12,12.3
54,ブルーバード,2,8,
54,ブルーバード,3,10,
55,夏祭り,2,8,
55,夏祭り,3,11,
57,STAY AWAY,2,8,
57,STAY AWAY,3,9.5,
58,魂のルフラン,2,7.5,
58,魂のルフラン,3,9,
59,Invitation,2,8.5,
59,Invitation,3,10.5,
60,only my railgun,2,8.5,
60,only my railgun,3,11,
61,GOLDEN RULE,2,11,
61,GOLDEN RULE,3,13,13.6
62,名も無い鳥,2,9.5,
62,名も無い鳥,3,12,12.4
63,Gate of Fate,2,11.5,
63,Gate of Fate,3,13,13.2
64,今ぞ♡崇め奉れ☆オマエらよ！！～姫の秘メタル渇望～,2,9,
64,今ぞ♡崇め奉れ☆オマエらよ！！～姫の秘メタル渇望～,3,12.5,12.8
65,Anemone,2,9,
65,Anemone,3,11,
66,明るい未来,2,9,
66,明るい未来,3,12,12.3
67,昵懇レファレンス,2,9,
67,昵懇レファレンス,3,11,
68,乗り切れ受験ウォーズ,2,8.5,
68,乗り切れ受験ウォーズ,3,11,
69,The wheel to the right,2,11.5,
69,The wheel to the right,3,13,13.4
70,STAR,2,9.5,
70,STAR,3,12,12.4
71,Infantoon Fantasy,2,9.5,
71,Infantoon Fantasy,3,12,12.3
72,Genesis,2,10,
72,Genesis,3,13,13.5
73,MUSIC PЯAYER,2,10,
73,MUSIC PЯAYER,3,12.5,12.7
74,リリーシア,2,8.5,
74,リリーシア,3,11,
75,Counselor,2,9.5,
75,Counselor,3,11.5,
76,luna blu,2,11.5,
76,luna blu,3,13,13.4
77,ケモノガル,2,9,
77,ケモノガル,3,12.5,12.8
78,crossing field,2,7,
78,crossing field,3,10.5,
79,ＧＯ！ＧＯ！ラブリズム♥,2,9.5,
79,ＧＯ！ＧＯ！ラブリズム♥,3,11,
80,Grab your sword,2,8,
80,Grab your sword,3,10,
82,Memories of Sun and Moon,2,8,
82,Memories of Sun and Moon,3,12,12.5
83,ロストワンの号哭,2,9,
83,ロストワンの号哭,3,12,12.2
84,V.I.P,2,8.5,
84,V.I.P,3,10,
85,睡蓮花,2,7,
85,睡蓮花,3,10,
88,The Concept of Love,2,10,
88,The Concept of Love,3,12,12.1
89,JET,2,8,
89,JET,3,11,
90,L'épisode,2,11.5,
90,L'épisode,3,13,13.5
91,Yet Another ”drizzly rain”,2,9,
91,Yet Another ”drizzly rain”,3,11,
92,最終鬼畜妹・一部声,2,10,
92,最終鬼畜妹・一部声,3,13,13
93,蒼空に舞え、墨染の桜,2,8.5,
93,蒼空に舞え、墨染の桜,3,12,12.3
94,セツナトリップ,2,8,
94,セツナトリップ,3,12,12.4
95,砂漠のハンティングガール♡,2,9,
95,砂漠のハンティングガール♡,3,12,12.1
96,チルノのパーフェクトさんすう教室,2,8,
96,チルノのパーフェクトさんすう教室,3,11.5,
97,"Help me, ERINNNNNN!!",2,8,
97,"Help me, ERINNNNNN!!",3,10.5,
98,魔理沙は大変なものを盗んでいきました,2,8,
98,魔理沙は大変なものを盗んでいきました,3,11,
99,言ノ葉カルマ,2,9.5,
99,言ノ葉カルマ,3,11.5,
100,After the rain,2,8,
100,After the rain,3,10.5,
101,Tango Rouge,2,10.5,
101,Tango Rouge,3,13,13
102,Tuning Rangers,2,9.5,
102,Tuning Rangers,3,12,12.5
103,エンドマークに希望と涙を添えて,2,11.5,
103,エンドマークに希望と涙を添えて,3,13.5,13.7
104,とーきょー全域★アキハバラ？,2,10,
104,とーきょー全域★アキハバラ？,3,12,12.5
105,overcome,2,8.5,
105,overcome,3,10.5,
106,宛城、炎上！！,2,12,12.2
106,宛城、炎上！！,3,13.5,13.8
107,We Gonna Journey,2,10,
107,We Gonna Journey,3,13,13.1
108,The ether,2,10,
108,The ether,3,12,12
109,Emotions,2,8.5,
109,Emotions,3,10.5,
110,Magia,2,9,
110,Magia,3,11,
111,staple stable,2,9,
111,staple stable,3,11,
112,マジLOVE1000%,2,8,
112,マジLOVE1000%,3,11,
113,ストリーミングハート,2,8,
113,ストリーミングハート,3,11,
114,Sweet Devil,2,8.5,
114,Sweet Devil,3,11,
115,Dreaming,2,8,
115,Dreaming,3,11,
116,君の知らない物語,2,7.5,
116,君の知らない物語,3,10,
117,M.S.S.Planet,2,8.5,
117,M.S.S.Planet,3,11,
118,腐れ外道とチョコレゐト,2,9.5,
118,腐れ外道とチョコレゐト,3,12,12
119,アウターサイエンス,2,9,
119,アウターサイエンス,3,12,12.3
120,四次元跳躍機関,2,8,
120,四次元跳躍機関,3,12.5,12.7
121,東方妖々夢 ～the maximum moving about～,2,9,
121,東方妖々夢 ～the maximum moving about～,3,12.5,12.7
122,少女幻葬戦慄曲　～　Necro Fantasia,2,9,
122,少女幻葬戦慄曲　～　Necro Fantasia,3,12.5,12.7
123,橙の幻想郷音頭,2,8,
123,橙の幻想郷音頭,3,10.5,
124,夏影,2,8,
124,夏影,3,12,12.2
125,Little Busters! ～TV animation ver.～,2,8,
125,Little Busters! ～TV animation ver.～,3,11,
126,Heart To Heart,2,8,
126,Heart To Heart,3,11,
128,The Formula,2,9.5,
128,The Formula,3,12.5,12.7
129,Hacking to the Gate,2,9,
129,Hacking to the Gate,3,11,
130,スカイクラッドの観測者,2,9,
130,スカイクラッドの観測者,3,11.5,
131,チルドレンレコード,2,10,
131,チルドレンレコード,3,12.5,12.7
132,イカサマライフゲイム,2,9.5,
132,イカサマライフゲイム,3,12,12.2
133,シリョクケンサ,2,7,
133,シリョクケンサ,3,11,
134,HAELEQUIN (Original Remaster),2,11.5,
134,HAELEQUIN (Original Remaster),3,13.5,13.8
135,Vallista,2,10,
135,Vallista,3,13,13.5
136,Äventyr,2,9,
136,Äventyr,3,12,12.5
137,Angel dust,2,11,
137,Angel dust,3,13.5,13.7
138,conflict,2,10,
138,conflict,3,13,13.2
140,Guilty,2,9,
140,Guilty,3,11.5,
141,閃鋼のブリューナク,2,11.5,
141,閃鋼のブリューナク,3,13,13.5
142,Altale,2,9,
142,Altale,3,12,12.6
143,ODDS&ENDS,2,9,
143,ODDS&ENDS,3,10,
144,Aragami,2,9,
144,Aragami,3,13,13.5
145,Change Our MIRAI！,2,8.5,
145,Change Our MIRAI！,3,11.5,
146,夕暮れワンルーム,2,9.5,
146,夕暮れワンルーム,3,11.5,
147,こころここから,2,8.5,
147,こころここから,3,10,
148,Theme of SeelischTact,2,9,
148,Theme of SeelischTact,3,11,
149,緋色のDance,2,9,
149,緋色のDance,3,11.5,
150,brilliant better,2,9.5,
150,brilliant better,3,11.5,
151,Alma,2,9,
151,Alma,3,12,12.6
152,Gustav Battle,2,11.5,
152,Gustav Battle,3,13,13
154,SAVIOR OF SONG,2,10,
154,SAVIOR OF SONG,3,12.5,12.8
155,ブルー・フィールド,2,9.5,
155,ブルー・フィールド,3,10.5,
156,FREELY TOMORROW,2,8,
156,FREELY TOMORROW,3,11,
157,ギガンティックO.T.N,2,10,
157,ギガンティックO.T.N,3,12.5,12.9
158,フォルテシモBELL,2,8.5,
158,フォルテシモBELL,3,11,
159,ジングルベル,2,8.5,
159,ジングルベル,3,13,13.3
160,言ノ葉遊戯,2,9,
160,言ノ葉遊戯,3,11,
161,私の中の幻想的世界観及びその顕現を想起させたある現実での出来事に関する一考察,2,9,
161,私の中の幻想的世界観及びその顕現を想起させたある現実での出来事に関する一考察,3,12,12.5
163,幾四音-Ixion-,2,9,
163,幾四音-Ixion-,3,11,
165,ぼくらの16bit戦争,2,9.5,
165,ぼくらの16bit戦争,3,12.5,12.8
166,裏表ラバーズ,2,9,
166,裏表ラバーズ,3,11.5,
167,脳漿炸裂ガール,2,10.5,
167,脳漿炸裂ガール,3,12.5,12.7
168,ネトゲ廃人シュプレヒコール,2,9,
168,ネトゲ廃人シュプレヒコール,3,11.5,
169,elegante,2,10,
169,elegante,3,11,
170,DETARAME ROCK&ROLL THEORY,2,9,
170,DETARAME ROCK&ROLL THEORY,3,11,
171,XL TECHNO,2,10.5,
171,XL TECHNO,3,12,12.4
173,Halcyon,2,10.5,
173,Halcyon,3,13,13.3
176,Dance!,2,9,
176,Dance!,3,11,
177,Jimang Shot,2,9.5,
177,Jimang Shot,3,12.5,12.7
178,stella=steLLa,2,10,
178,stella=steLLa,3,12.5,12.7
179,すろぉもぉしょん,2,8,
179,すろぉもぉしょん,3,11,
180,怒槌,2,12.5,12.7
180,怒槌,3,14,14
181,ユクエシレズ,2,8,
181,ユクエシレズ,3,10.5,
182,WHITE ALBUM Live at Campus Fes,2,7,
182,WHITE ALBUM Live at Campus Fes,3,10,
184,Last regrets,2,7.5,
184,Last regrets,3,10,
185,楽園の翼,2,8.5,
185,楽園の翼,3,11,
186,ってゐ！　～えいえんてゐVer～,2,9.5,
186,ってゐ！　～えいえんてゐVer～,3,11.5,
187,患部で止まってすぐ溶ける～狂気の優曇華院,2,11,
187,患部で止まってすぐ溶ける～狂気の優曇華院,3,13,13.1
189,ひれ伏せ愚民どもっ！,2,9.5,
189,ひれ伏せ愚民どもっ！,3,12.5,12.7
190,エテルニタス・ルドロジー,2,10,
190,エテルニタス・ルドロジー,3,12,12.6
191,幽闇に目醒めしは,2,8,
191,幽闇に目醒めしは,3,11.5,
192,Starlight Vision,2,9.5,
192,Starlight Vision,3,12,12.6
193,Club Ibuki in Break All,2,9.5,
193,Club Ibuki in Break All,3,12,12.5
194,Phantasm Brigade,2,9,
194,Phantasm Brigade,3,13,13
195,永遠のメロディ,2,8,
195,永遠のメロディ,3,12,12.3
196,FREEDOM DiVE,2,11.5,
196,FREEDOM DiVE,3,13.5,13.7
197,Jack-the-Ripper◆,2,11.5,
197,Jack-the-Ripper◆,3,13,13.1
199,ハート・ビート,2,10,
199,ハート・ビート,3,12,12.1
200,無敵We are one!!,2,9.5,
200,無敵We are one!!,3,12,12.1
201,Contrapasso -inferno-,2,12,12.4
201,Contrapasso -inferno-,3,13.5,13.9
202,GEMINI -C-,2,11,
202,GEMINI -C-,3,13,13.1
203,FLOWER,2,9,
203,FLOWER,3,12,12
204,ちくわパフェだよ☆CKP,2,9,
204,ちくわパフェだよ☆CKP,3,11,
205,SNIPE WHOLE,2,10.5,
205,SNIPE WHOLE,3,12.5,12.7
206,Signs Of Love (“Never More” ver.),2,8.5,
206,Signs Of Love (“Never More” ver.),3,11.5,
207,Your Affection (Daisuke Asakura Remix),2,9.5,
207,Your Affection (Daisuke Asakura Remix),3,11.5,
208,SAMBISTA,2,10,
208,SAMBISTA,3,12.5,12.7
209,君色シグナル,2,9,
209,君色シグナル,3,11,
210,アスノヨゾラ哨戒班,2,9,
210,アスノヨゾラ哨戒班,3,12,12.4
211,天樂,2,9.5,
211,天樂,3,12,12.2
212,いろは唄,2,9,
212,いろは唄,3,12,12.1
213,星屑ユートピア,2,9,
213,星屑ユートピア,3,11.5,
214,青春はNon-Stop！,2,9.5,
214,青春はNon-Stop！,3,11.5,
215,Falling Roses,2,9,
215,Falling Roses,3,12,12.4
216,放課後革命,2,9.5,
216,放課後革命,3,12,12.3
217,楽園ファンファーレ,2,9,
217,楽園ファンファーレ,3,11.5,
218,サウンドプレイヤー,2,9,
218,サウンドプレイヤー,3,12,12.4
219,玩具狂奏曲 -終焉-,2,12.5,12.7
219,玩具狂奏曲 -終焉-,3,14,14
220,如月アテンション,2,9,
220,如月アテンション,3,12,12.3
222,Mr. Wonderland,2,10.5,
222,Mr. Wonderland,3,12.5,12.9
223,カミサマネジマキ,2,11,
223,カミサマネジマキ,3,13,13
224,恋愛裁判,2,8.5,
224,恋愛裁判,3,11,
225,ウミユリ海底譚,2,9.5,
225,ウミユリ海底譚,3,12,12.1
226,Garakuta Doll Play,2,12,12.3
226,Garakuta Doll Play,3,13.5,13.8
227,洗脳,2,8,
227,洗脳,3,11,
228,このふざけた素晴らしき世界は、僕の為にある,2,8.5,
228,このふざけた素晴らしき世界は、僕の為にある,3,12,12
229,紅華刑,2,12,12
229,紅華刑,3,13,13.4
230,Hyperion,2,10,
230,Hyperion,3,12,12.5
231,カラフル。,2,8,
231,カラフル。,3,11,
232,Elemental Creation,2,11,
232,Elemental Creation,3,13,13.5
233,アルストロメリア,2,9.5,
233,アルストロメリア,3,12,12.2
234,Devastating Blaster,2,12,12.2
234,Devastating Blaster,3,13.5,13.9
235,ファッとして桃源郷,2,9,
235,ファッとして桃源郷,3,12,12.5
238,フレンズ,2,8,
238,フレンズ,3,11.5,
240,夜咄ディセイブ,2,10,
240,夜咄ディセイブ,3,12,12.6
243,シュガーソングとビターステップ,2,9,
243,シュガーソングとビターステップ,3,12,12.2
244,回レ！雪月花,2,9.5,
244,回レ！雪月花,3,12,12.3
245,"Help me, あーりん！",2,9,
245,"Help me, あーりん！",3,11,
246,なるとなぎのパーフェクトロックンロール教室,2,10.5,
246,なるとなぎのパーフェクトロックンロール教室,3,12.5,12.8
247,絶世スターゲイト,2,9,
247,絶世スターゲイト,3,11.5,
248,Schrecklicher Aufstand,2,12,12.3
248,Schrecklicher Aufstand,3,13.5,13.9
249,ドライヴ・オン・ザ・レインボー,2,10.5,
249,ドライヴ・オン・ザ・レインボー,3,12.5,12.7
250,Philosopher,2,11.5,
250,Philosopher,3,13,13.5
251,Crazy ∞ nighT,2,8.5,
251,Crazy ∞ nighT,3,12,12.5
252,愛迷エレジー,2,9.5,
252,愛迷エレジー,3,12,12.3
253,Warcry,2,10,
253,Warcry,3,13,13.1
254,その群青が愛しかったようだった,2,9.5,
254,その群青が愛しかったようだった,3,11.5,
255,激情！ミルキィ大作戦,2,8.5,
255,激情！ミルキィ大作戦,3,11,
256,札付きのワル　～マイケルのうた～,2,10,
256,札付きのワル　～マイケルのうた～,3,12.5,12.7
257,BOKUTO,2,10,
257,BOKUTO,3,13,13
258,TiamaT:F minor,2,12.5,12.8
258,TiamaT:F minor,3,14,14
259,Oshama Scramble! (Cranky Remix),2,11,
259,Oshama Scramble! (Cranky Remix),3,13,13
260,D.E.A.D.L.Y.,2,9,
260,D.E.A.D.L.Y.,3,12,12.4
261,ロボットプラネットユートピア,2,9.5,
261,ロボットプラネットユートピア,3,12,12.3
262,Tidal Wave,2,10.5,
262,Tidal Wave,3,13,13.5
263,Hand in Hand,2,8.5,
263,Hand in Hand,3,11.5,
264,My Dearest Song,2,8.5,
264,My Dearest Song,3,12,12.2
265,猫祭り,2,9.5,
265,猫祭り,3,12,12.3
266,ゲシュタルト！テスト期間！！,2,9,
266,ゲシュタルト！テスト期間！！,3,12.5,12.7
267,心象蜃気楼,2,9,
267,心象蜃気楼,3,11,
268,Bang Babang Bang!!!,2,10.5,
268,Bang Babang Bang!!!,3,12.5,12.5
269,僕らの翼,2,8,
269,僕らの翼,3,11,
270,エンヴィキャットウォーク,2,9,
270,エンヴィキャットウォーク,3,12,12.4
271,鬼KYOKAN,2,10,
271,鬼KYOKAN,3,12.5,12.8
272,有頂天ビバーチェ,2,8.5,
272,有頂天ビバーチェ,3,11.5,
273,ビバハピ,2,9,
273,ビバハピ,3,11.5,
274,願い星,2,8.5,
274,願い星,3,11,
275,愛言葉,2,8,
275,愛言葉,3,11,
276,後夜祭,2,9.5,
276,後夜祭,3,12,12.3
277,TRUST,2,9,
277,TRUST,3,12,12.4
278,からくりピエロ,2,8.5,
278,からくりピエロ,3,11,
279,深海少女,2,8,
279,深海少女,3,11.5,
280,リモコン,2,8,
280,リモコン,3,11.5,
281,ラクガキスト,2,11,
281,ラクガキスト,3,13,13.4
282,アカツキアライヴァル,2,9.5,
282,アカツキアライヴァル,3,11.5,
283,神曲,2,8.5,
283,神曲,3,12,12
284,幸せになれる隠しコマンドがあるらしい,2,10,
284,幸せになれる隠しコマンドがあるらしい,3,12.5,12.7
286,Tell Your World,2,8,
286,Tell Your World,3,11,
287,ロミオとシンデレラ,2,10,
287,ロミオとシンデレラ,3,11.5,
288,First Twinkle,2,8.5,
288,First Twinkle,3,11,
289,ウソラセラ,2,10.5,
289,ウソラセラ,3,12,12.6
290,檄!帝国華撃団,2,8,
290,檄!帝国華撃団,3,11,
291,Kronos,2,9.5,
291,Kronos,3,12,12.4
292,月に叢雲華に風,2,8,
292,月に叢雲華に風,3,12,12.1
293,インビジブル,2,10.5,
293,インビジブル,3,13,13.2
294,人生リセットボタン,2,10,
294,人生リセットボタン,3,12.5,12.8
295,響,2,9.5,
295,響,3,12,12
296,かくしん的☆めたまるふぉ～ぜっ!,2,8.5,
296,かくしん的☆めたまるふぉ～ぜっ!,3,12,12.1
297,風仁雷仁,2,9,
297,風仁雷仁,3,12,12.3
298,PRIVATE SERVICE,2,9.5,
298,PRIVATE SERVICE,3,12,12.6
299,secret base ～君がくれたもの～ (10 years after Ver.),2,8.5,
299,secret base ～君がくれたもの～ (10 years after Ver.),3,11,
300,No Routine,2,9,
300,No Routine,3,12,12.2
301,白い雪のプリンセスは,2,9,
301,白い雪のプリンセスは,3,12,12.2
302,Strahv,2,11,
302,Strahv,3,13,13.3
303,Dreams Dreams:Kids Ver.,2,7.5,
303,Dreams Dreams:Kids Ver.,3,10,
304,In The Blue Sky '01,2,8,
304,In The Blue Sky '01,3,11.5,
305,幻想のサテライト,2,11,
305,幻想のサテライト,3,13,13.2
306,凛として咲く花の如く,2,9,
306,凛として咲く花の如く,3,12,12.2
307,Paqqin,2,10,
307,Paqqin,3,12.5,12.7
308,fake!fake!,2,9,
308,fake!fake!,3,11.5,
309,Rising Hope,2,9,
309,Rising Hope,3,12,12.5
310,覚醒楽奏メタフィクション,2,11,
310,覚醒楽奏メタフィクション,3,13,13.3
311,Be My Friend,2,8.5,
311,Be My Friend,3,11.5,
312,ぶいえす!!らいばる!!,2,11,
312,ぶいえす!!らいばる!!,3,13,13.2
313,ひだまりデイズ,2,8,
313,ひだまりデイズ,3,11,
314,This game,2,9,
314,This game,3,11.5,
315,オラシオン,2,8,
315,オラシオン,3,11,
316,みくみくにしてあげる♪【してやんよ】,2,8.5,
316,みくみくにしてあげる♪【してやんよ】,3,11,
317,Air,2,10,
317,Air,3,13,13.2
318,DataErr0r,2,10,
318,DataErr0r,3,13,13
319,Say A Vengeance,2,9.5,
319,Say A Vengeance,3,12,12.6
320,010,2,9,
320,010,3,12,12.6
321,ERIS -Legend of Gaidelia-,2,9,
321,ERIS -Legend of Gaidelia-,3,12,12.5
322,Imperishable Night 2006 (2016 Refine),2,10.5,
322,Imperishable Night 2006 (2016 Refine),3,13,13.6
323,Dreadnought,2,10.5,
323,Dreadnought,3,13,13.6
324,STAGER,2,10,
324,STAGER,3,12,12.6
325,Her Majesty,2,9,
325,Her Majesty,3,12,12.6
326,Sakura Fubuki,2,9,
326,Sakura Fubuki,3,12,12.5
327,JULIAN,2,10.5,
327,JULIAN,3,12.5,12.7
328,★LittlE HearTs★,2,11,
328,★LittlE HearTs★,3,13.5,13.7
329,STAIRWAY TO GENERATION,2,9,
329,STAIRWAY TO GENERATION,3,12,12.3
330,ドキドキDREAM!!!,2,9.5,
330,ドキドキDREAM!!!,3,12,12.1
331,猛進ソリストライフ！,2,9.5,
331,猛進ソリストライフ！,3,12,12.2
332,空威張りビヘイビア,2,9,
332,空威張りビヘイビア,3,12,12.3
334,FLOATED CALM,2,10,
334,FLOATED CALM,3,12,12.4
335,Supersonic Generation,2,11,
335,Supersonic Generation,3,13,13.4
336,シジョウノコエ VOCALO ver.,2,9,
336,シジョウノコエ VOCALO ver.,3,12,12.2
337,Tic Tac DREAMIN’,2,8.5,
337,Tic Tac DREAMIN’,3,11.5,
338,SPICY SWINGY STYLE,2,9.5,
338,SPICY SWINGY STYLE,3,12,12.3
339,RevolutionGame,2,8.5,
339,RevolutionGame,3,11.5,
340,Still,2,9,
340,Still,3,12,12.5
341,おまかせ！！トラブルメイ娘☆とれびちゃん,2,9.5,
341,おまかせ！！トラブルメイ娘☆とれびちゃん,3,13,13.1
342,オススメ☆♂♀☆でぃすとぴあ,2,10,
342,オススメ☆♂♀☆でぃすとぴあ,3,13,13.5
343,Daydream café,2,8,
343,Daydream café,3,11,
344,ノーポイッ!,2,8,
344,ノーポイッ!,3,11.5,
345,ムーンライト伝説,2,8,
345,ムーンライト伝説,3,11.5,
348,Jumping!!,2,9,
348,Jumping!!,3,11,
349,極上スマイル,2,8.5,
349,極上スマイル,3,10.5,
350,FEEL×ALIVE,2,9,
350,FEEL×ALIVE,3,12.5,12.7
351,ぶぉん！ぶぉん！らいど・おん！,2,9,
351,ぶぉん！ぶぉん！らいど・おん！,3,12.5,12.9
352,Star☆Glitter,2,9,
352,Star☆Glitter,3,12,12
353,H-A-J-I-M-A-R-I-U-T-A-!!,2,8,
353,H-A-J-I-M-A-R-I-U-T-A-!!,3,10.5,
354,ラブリー☆えんじぇる!!,2,9,
354,ラブリー☆えんじぇる!!,3,12,12.3
355,だんご大家族,2,7.5,
355,だんご大家族,3,10,
356,クローバー♣かくめーしょん,2,9,
356,クローバー♣かくめーしょん,3,12,12.3
357,ぐーちょきパレード,2,8,
357,ぐーちょきパレード,3,11.5,
358,"My Soul,Your Beats!",2,9,
358,"My Soul,Your Beats!",3,11.5,
359,Thousand Enemies,2,8.5,
359,Thousand Enemies,3,11.5,
360,夢想歌,2,8,
360,夢想歌,3,11,
362,Face of Fact,2,9,
362,Face of Fact,3,12,12.1
363,true my heart -Lovable mix-,2,8,
363,true my heart -Lovable mix-,3,11,
365,桜ノ雨,2,8,
365,桜ノ雨,3,10.5,
367,いーあるふぁんくらぶ,2,8,
367,いーあるふぁんくらぶ,3,11,
368,おこちゃま戦争,2,10,
368,おこちゃま戦争,3,12.5,12.8
369,エイリアンエイリアン,2,9,
369,エイリアンエイリアン,3,11.5,
370,虎視眈々,2,8.5,
370,虎視眈々,3,12,12.4
371,アンハッピーリフレイン,2,9.5,
371,アンハッピーリフレイン,3,12.5,12.7
372,すきなことだけでいいです,2,8,
372,すきなことだけでいいです,3,12,12.2
373,デリヘル呼んだら君が来た,2,8.5,
373,デリヘル呼んだら君が来た,3,12,12.4
374,チュルリラ・チュルリラ・ダッダッダ！,2,10,
374,チュルリラ・チュルリラ・ダッダッダ！,3,12,12.5
375,だんだん早くなる,2,9,
375,だんだん早くなる,3,11,
376,ECHO,2,9.5,
376,ECHO,3,12,12.2
377,泡沫、哀のまほろば,2,8,
377,泡沫、哀のまほろば,3,11,
379,愛き夜道 feat. ランコ、雨天決行,2,8,
379,愛き夜道 feat. ランコ、雨天決行,3,12,12
380,Starlight Dance Floor,2,8.5,
380,Starlight Dance Floor,3,11,
381,Witches night,2,8.5,
381,Witches night,3,12,12
382,"Help me, ERINNNNNN!! -Cranky remix-",2,9,
382,"Help me, ERINNNNNN!! -Cranky remix-",3,12,12.2
383,仙酌絶唱のファンタジア,2,9,
383,仙酌絶唱のファンタジア,3,12,12.6
384,キュアリアス光吉古牌　－祭－,2,10,
384,キュアリアス光吉古牌　－祭－,3,12,12.4
385,Evans,2,10.5,
385,Evans,3,13,13.4
386,神威,2,12.5,12.7
386,神威,3,13.5,13.9
388,GOODTEK,2,10.5,
388,GOODTEK,3,13,13.3
389,Name of oath,2,11,
389,Name of oath,3,13,13.5
390,Bird Sprite,2,8.5,
390,Bird Sprite,3,12,12.2
393,Dengeki Tube,2,11,
393,Dengeki Tube,3,13.5,13.8
394,若い力 -SEGA HARD GIRLS MIX-,2,8,
394,若い力 -SEGA HARD GIRLS MIX-,3,11.5,
395,レッツゴー!陰陽師,2,8,
395,レッツゴー!陰陽師,3,11.5,
396,あねぺったん,2,9,
396,あねぺったん,3,12,12.1
397,Like the Wind [Reborn],2,11,
397,Like the Wind [Reborn],3,13,13.5
398,天国と地獄 -言ノ葉リンネ-,2,9,
398,天国と地獄 -言ノ葉リンネ-,3,11.5,
399,最愛テトラグラマトン,2,9.5,
399,最愛テトラグラマトン,3,12,12.6
402,悪戯,2,9,
402,悪戯,3,12,12.2
403,りばーぶ,2,8,
403,りばーぶ,3,11,
404,Barbed Eye,2,9,
404,Barbed Eye,3,12,12
405,分からない,2,10.5,
405,分からない,3,13,13.2
407,混沌を越えし我らが神聖なる調律主を讃えよ,2,13,13
407,混沌を越えし我らが神聖なる調律主を讃えよ,3,14,14.1
409,Finite,2,10.5,
409,Finite,3,13.5,13.8
410,MY LIBERATION,2,10,
410,MY LIBERATION,3,12.5,12.7
411,地球最後の告白を,2,9,
411,地球最後の告白を,3,12,12.3
414,We Gonna Party -Feline Groove Mix-,2,11,
414,We Gonna Party -Feline Groove Mix-,3,13,13.3
416,Through The Tower,2,9,
416,Through The Tower,3,12,12.4
417,Redo,2,9.5,
417,Redo,3,12,12.4
421,前前前世,2,8.5,
421,前前前世,3,11.5,
422,MEMORIA,2,8.5,
422,MEMORIA,3,11,
424,MIRU key way,2,8,
424,MIRU key way,3,11,
426,華鳥風月,2,8.5,
426,華鳥風月,3,11,
427,儚きもの人間,2,9.5,
427,儚きもの人間,3,12,12.5
430,ＧＯ！ＧＯ！ラブリズム♥ ～あーりん書類審査通過記念Ver.～,2,9.5,
430,ＧＯ！ＧＯ！ラブリズム♥ ～あーりん書類審査通過記念Ver.～,3,12,12.1
432,光線チューニング,2,9,
432,光線チューニング,3,12,12.3
433,立川浄穢捕物帳,2,9.5,
433,立川浄穢捕物帳,3,13,13
434,眠れぬ夜君を想フ,2,10,
434,眠れぬ夜君を想フ,3,13,13.3
435,JIGOKU STATION CENTRAL GATE,2,11,
435,JIGOKU STATION CENTRAL GATE,3,13,13.3
436,PinqPiq,2,10,
436,PinqPiq,3,12,12.5
437,トリスメギストス,2,10,
437,トリスメギストス,3,13,13.2
438,WE GOTTA SOUL,2,8.5,
438,WE GOTTA SOUL,3,12,12.2
439,哀しみ集め,2,9,
439,哀しみ集め,3,12,12
440,キラメケ→Shoot it Now!,2,9.5,
440,キラメケ→Shoot it Now!,3,12.5,12.9
441,Kattobi KEIKYU Rider,2,12,12.5
441,Kattobi KEIKYU Rider,3,13.5,13.8
488,夢と夢～あの日のメロディ～,2,8,
488,夢と夢～あの日のメロディ～,3,11,
504,Calamity Fortune,2,11.5,
504,Calamity Fortune,3,13.5,13.7
525,Paradisus-Paradoxum,2,9,
525,Paradisus-Paradoxum,3,12,12.4
526,ようこそジャパリパークへ,2,9,
526,ようこそジャパリパークへ,3,12,12.1
537,ハレ晴レユカイ,2,9,
537,ハレ晴レユカイ,3,12,12
538,AMAZING MIGHTYYYY!!!!,2,12,12
538,AMAZING MIGHTYYYY!!!!,3,13.5,13.8
540,砂の惑星 feat. HATSUNE MIKU,2,8,
540,砂の惑星 feat. HATSUNE MIKU,3,12,12.3
