music_id,music_name,difficulty_id,difficulty,baserate,img_filename
421,前前前世,2,8.5,,common/img/a3473adab177dea7.jpg
421,前前前世,3,11.5,11.9,common/img/a3473adab177dea7.jpg
525,Paradisus-Paradoxum,2,9.0,,common/img/bf023d3289459959.jpg
525,Paradisus-Paradoxum,3,12.0,12.4,common/img/bf023d3289459959.jpg
526,ようこそジャパリパークへ,2,9.0,,common/img/1dee6916940a90cd.jpg
526,ようこそジャパリパークへ,3,12.0,12.1,common/img/1dee6916940a90cd.jpg
422,MEMORIA,2,8.5,,common/img/bf9ed3a6cfbffe15.jpg
422,MEMORIA,3,11.0,,common/img/bf9ed3a6cfbffe15.jpg
424,MIRU key way,2,8.0,,common/img/5c07dede2260aafe.jpg
424,MIRU key way,3,11.0,11.6,common/img/5c07dede2260aafe.jpg
537,ハレ晴レユカイ,2,9.0,,common/img/bbe65bd3f0f984b3.jpg
537,ハレ晴レユカイ,3,12.0,12,common/img/bbe65bd3f0f984b3.jpg
358,"My Soul,Your Beats!",2,9.0,,common/img/c12cb5d8f49e8d2b.jpg
358,"My Soul,Your Beats!",3,11.5,,common/img/c12cb5d8f49e8d2b.jpg
359,Thousand Enemies,2,8.5,,common/img/8b7fcdd825264797.jpg
359,Thousand Enemies,3,11.5,,common/img/8b7fcdd825264797.jpg
360,夢想歌,2,8.0,,common/img/8ecf57e4db2f6d94.jpg
360,夢想歌,3,11.0,,common/img/8ecf57e4db2f6d94.jpg
362,Face of Fact,2,9.0,,common/img/13f02068575a1ef9.jpg
362,Face of Fact,3,12.0,12.1,common/img/13f02068575a1ef9.jpg
363,true my heart -Lovable mix-,2,8.0,,common/img/15625838f8f00963.jpg
363,true my heart -Lovable mix-,3,11.0,,common/img/15625838f8f00963.jpg
356,クローバー♣かくめーしょん,2,9.0,,common/img/13e6eb56943f6d00.jpg
356,クローバー♣かくめーしょん,3,12.0,12.3,common/img/13e6eb56943f6d00.jpg
357,ぐーちょきパレード,2,8.0,,common/img/a852ba21f22efbc1.jpg
357,ぐーちょきパレード,3,11.5,,common/img/a852ba21f22efbc1.jpg
355,だんご大家族,2,7.5,,common/img/7a1819b7588160ed.jpg
355,だんご大家族,3,10.0,,common/img/7a1819b7588160ed.jpg
354,ラブリー☆えんじぇる!!,2,9.0,,common/img/81a50239781153fb.jpg
354,ラブリー☆えんじぇる!!,3,12.0,12.3,common/img/81a50239781153fb.jpg
352,Star☆Glitter,2,9.0,,common/img/c78c45855db15f7a.jpg
352,Star☆Glitter,3,12.0,12,common/img/c78c45855db15f7a.jpg
353,H-A-J-I-M-A-R-I-U-T-A-!!,2,8.0,,common/img/93355f30dd43fc6a.jpg
353,H-A-J-I-M-A-R-I-U-T-A-!!,3,10.5,,common/img/93355f30dd43fc6a.jpg
394,若い力 -SEGA HARD GIRLS MIX-,2,8.0,,common/img/0a458d03f61196d3.jpg
394,若い力 -SEGA HARD GIRLS MIX-,3,11.5,,common/img/0a458d03f61196d3.jpg
348,Jumping!!,2,9.0,,common/img/357a07354e3f2187.jpg
348,Jumping!!,3,11.0,,common/img/357a07354e3f2187.jpg
349,極上スマイル,2,8.5,,common/img/339a0821c6c81693.jpg
349,極上スマイル,3,10.5,,common/img/339a0821c6c81693.jpg
350,FEEL×ALIVE,2,9.0,,common/img/44c1e56a88c144c3.jpg
350,FEEL×ALIVE,3,12.5,12.7,common/img/44c1e56a88c144c3.jpg
351,ぶぉん！ぶぉん！らいど・おん！,2,9.0,,common/img/fb91e08c99009fd4.jpg
351,ぶぉん！ぶぉん！らいど・おん！,3,12.5,12.9,common/img/fb91e08c99009fd4.jpg
343,Daydream café,2,8.0,,common/img/e21129db8b503610.jpg
343,Daydream café,3,11.0,,common/img/e21129db8b503610.jpg
344,ノーポイッ!,2,8.0,,common/img/fa151f477301a676.jpg
344,ノーポイッ!,3,11.5,,common/img/fa151f477301a676.jpg
345,ムーンライト伝説,2,8.0,,common/img/1c098cdf731eb671.jpg
345,ムーンライト伝説,3,11.5,,common/img/1c098cdf731eb671.jpg
417,Redo,2,9.5,,common/img/b739e3b0af173789.jpg
417,Redo,3,12.0,12.4,common/img/b739e3b0af173789.jpg
410,MY LIBERATION,2,10.0,,common/img/cbfb4c6a58342201.jpg
410,MY LIBERATION,3,12.5,12.7,common/img/cbfb4c6a58342201.jpg
311,Be My Friend,2,8.5,,common/img/8f359edeac59a511.jpg
311,Be My Friend,3,11.5,,common/img/8f359edeac59a511.jpg
269,僕らの翼,2,8.0,,common/img/23359d965dd6eb4a.jpg
269,僕らの翼,3,11.0,,common/img/23359d965dd6eb4a.jpg
312,ぶいえす!!らいばる!!,2,11.0,11,common/img/81805f2ef1e58db8.jpg
312,ぶいえす!!らいばる!!,3,13.0,13.2,common/img/81805f2ef1e58db8.jpg
296,かくしん的☆めたまるふぉ～ぜっ!,2,8.5,,common/img/76535cf4c728f2af.jpg
296,かくしん的☆めたまるふぉ～ぜっ!,3,12.0,12.1,common/img/76535cf4c728f2af.jpg
313,ひだまりデイズ,2,8.0,,common/img/5ac018495d6f01a5.jpg
313,ひだまりデイズ,3,11.0,,common/img/5ac018495d6f01a5.jpg
314,This game,2,9.0,,common/img/5fb63e847a057938.jpg
314,This game,3,11.5,,common/img/5fb63e847a057938.jpg
315,オラシオン,2,8.0,,common/img/fa70cc77f963cdba.jpg
315,オラシオン,3,11.0,,common/img/fa70cc77f963cdba.jpg
37,鳥の詩,2,8.0,,common/img/335dbb14cedb70bf.jpg
37,鳥の詩,3,11.0,,common/img/335dbb14cedb70bf.jpg
124,夏影,2,8.0,,common/img/74ce2f0a4b4f6fe2.jpg
124,夏影,3,12.0,12.2,common/img/74ce2f0a4b4f6fe2.jpg
299,secret base ～君がくれたもの～ (10 years after Ver.),2,8.5,,common/img/9bd44690db5375ac.jpg
299,secret base ～君がくれたもの～ (10 years after Ver.),3,11.0,,common/img/9bd44690db5375ac.jpg
238,フレンズ,2,8.0,,common/img/4c769ae611f83d21.jpg
238,フレンズ,3,11.5,,common/img/4c769ae611f83d21.jpg
55,夏祭り,2,8.0,,common/img/506f053a80e1b28e.jpg
55,夏祭り,3,11.0,,common/img/506f053a80e1b28e.jpg
309,Rising Hope,2,9.0,,common/img/cee51d69c428f8f5.jpg
309,Rising Hope,3,12.0,12.5,common/img/cee51d69c428f8f5.jpg
308,fake!fake!,2,9.0,,common/img/f8d3f2e57ae2ff24.jpg
308,fake!fake!,3,11.5,,common/img/f8d3f2e57ae2ff24.jpg
182,WHITE ALBUM Live at Campus Fes,2,7.0,,common/img/b9703472e77626d8.jpg
182,WHITE ALBUM Live at Campus Fes,3,10.0,,common/img/b9703472e77626d8.jpg
36,届かない恋 '13,2,8.5,,common/img/e273c9d64170b575.jpg
36,届かない恋 '13,3,11.0,,common/img/e273c9d64170b575.jpg
126,Heart To Heart,2,8.0,,common/img/547ba5407b6e7fa0.jpg
126,Heart To Heart,3,11.0,,common/img/547ba5407b6e7fa0.jpg
184,Last regrets,2,7.5,,common/img/fb62f1ca000ec1cb.jpg
184,Last regrets,3,10.0,,common/img/fb62f1ca000ec1cb.jpg
125,Little Busters! ～TV animation ver.～,2,8.0,,common/img/f75a80f9b86eedab.jpg
125,Little Busters! ～TV animation ver.～,3,11.0,,common/img/f75a80f9b86eedab.jpg
255,激情！ミルキィ大作戦,2,8.5,,common/img/429d34fef5fddb02.jpg
255,激情！ミルキィ大作戦,3,11.0,,common/img/429d34fef5fddb02.jpg
214,青春はNon-Stop！,2,9.5,,common/img/f4a2d88c38669f72.jpg
214,青春はNon-Stop！,3,11.5,,common/img/f4a2d88c38669f72.jpg
215,Falling Roses,2,9.0,,common/img/81cc90c04676f18b.jpg
215,Falling Roses,3,12.0,12.4,common/img/81cc90c04676f18b.jpg
209,君色シグナル,2,9.0,,common/img/5744f4cf66710a56.jpg
209,君色シグナル,3,11.0,,common/img/5744f4cf66710a56.jpg
231,カラフル。,2,8.0,,common/img/59cfd6c8ebfaf904.jpg
231,カラフル。,3,11.0,,common/img/59cfd6c8ebfaf904.jpg
244,回レ！雪月花,2,9.5,,common/img/e0a700914896ea4a.jpg
244,回レ！雪月花,3,12.0,12.3,common/img/e0a700914896ea4a.jpg
185,楽園の翼,2,8.5,,common/img/520c1fef62954ca6.jpg
185,楽園の翼,3,11.0,,common/img/520c1fef62954ca6.jpg
42,oath sign,2,8.0,,common/img/4bbc4ec5ee9aa0b6.jpg
42,oath sign,3,11.0,,common/img/4bbc4ec5ee9aa0b6.jpg
235,ファッとして桃源郷,2,9.0,,common/img/8b84b06033585428.jpg
235,ファッとして桃源郷,3,12.0,12.5,common/img/8b84b06033585428.jpg
243,シュガーソングとビターステップ,2,9.0,,common/img/8872c759bea3bd9f.jpg
243,シュガーソングとビターステップ,3,12.0,12.2,common/img/8872c759bea3bd9f.jpg
247,絶世スターゲイト,2,9.0,,common/img/58847f9694837c0b.jpg
247,絶世スターゲイト,3,11.5,,common/img/58847f9694837c0b.jpg
159,ジングルベル,2,8.5,,common/img/d5a47266b4fe0bfe.jpg
159,ジングルベル,3,13.0,13.3,common/img/d5a47266b4fe0bfe.jpg
154,SAVIOR OF SONG,2,10.0,,common/img/2e9fdbbc15ade5cb.jpg
154,SAVIOR OF SONG,3,12.5,12.8,common/img/2e9fdbbc15ade5cb.jpg
155,ブルー・フィールド,2,9.5,,common/img/641f43b85cc24f64.jpg
155,ブルー・フィールド,3,10.5,,common/img/641f43b85cc24f64.jpg
129,Hacking to the Gate,2,9.0,,common/img/f56cd36303a3239a.jpg
129,Hacking to the Gate,3,11.0,,common/img/f56cd36303a3239a.jpg
130,スカイクラッドの観測者,2,9.0,,common/img/e4df0d48302ccd26.jpg
130,スカイクラッドの観測者,3,11.5,,common/img/e4df0d48302ccd26.jpg
14,コネクト,2,7.0,,common/img/af78dd039a36a4c7.jpg
14,コネクト,3,11.0,,common/img/af78dd039a36a4c7.jpg
110,Magia,2,9.0,,common/img/d42200159ef91521.jpg
110,Magia,3,11.0,,common/img/d42200159ef91521.jpg
116,君の知らない物語,2,7.5,,common/img/801044f66f5e619b.jpg
116,君の知らない物語,3,10.0,,common/img/801044f66f5e619b.jpg
111,staple stable,2,9.0,,common/img/7ad659a57ef26888.jpg
111,staple stable,3,11.0,,common/img/7ad659a57ef26888.jpg
12,紅蓮の弓矢,2,9.0,,common/img/6f4db96c80c67b6b.jpg
12,紅蓮の弓矢,3,10.0,,common/img/6f4db96c80c67b6b.jpg
57,STAY AWAY,2,8.0,,common/img/610e259e89156e13.jpg
57,STAY AWAY,3,9.5,,common/img/610e259e89156e13.jpg
85,睡蓮花,2,7.0,,common/img/57b49b2a43ccda6a.jpg
85,睡蓮花,3,10.0,,common/img/57b49b2a43ccda6a.jpg
54,ブルーバード,2,8.0,,common/img/66441747bfe3fee9.jpg
54,ブルーバード,3,10.0,,common/img/66441747bfe3fee9.jpg
78,crossing field,2,7.0,,common/img/82a643d5d0ab9554.jpg
78,crossing field,3,10.5,,common/img/82a643d5d0ab9554.jpg
58,魂のルフラン,2,7.5,,common/img/65017771c16aa640.jpg
58,魂のルフラン,3,9.0,,common/img/65017771c16aa640.jpg
84,V.I.P,2,8.5,,common/img/63a5d5a113bf0806.jpg
84,V.I.P,3,10.0,,common/img/63a5d5a113bf0806.jpg
60,only my railgun,2,8.5,,common/img/3bee1cce7d794f31.jpg
60,only my railgun,3,11.0,,common/img/3bee1cce7d794f31.jpg
109,Emotions,2,8.5,,common/img/fe87c04f6eacc81d.jpg
109,Emotions,3,10.5,,common/img/fe87c04f6eacc81d.jpg
112,マジLOVE1000%,2,8.0,,common/img/3dc05a281c0724f7.jpg
112,マジLOVE1000%,3,11.0,,common/img/3dc05a281c0724f7.jpg
43,太陽曰く燃えよカオス,2,8.0,,common/img/b1d75980a300384f.jpg
43,太陽曰く燃えよカオス,3,10.5,,common/img/b1d75980a300384f.jpg
5,Scatman (Ski Ba Bop Ba Dop Bop),2,9.0,,common/img/38faf81803b730f3.jpg
5,Scatman (Ski Ba Bop Ba Dop Bop),3,11.0,,common/img/38faf81803b730f3.jpg
444,エレクトロサチュレイタ,2,9.0,,common/img/e236f8a08a42923a.jpg
444,エレクトロサチュレイタ,3,11.5,11.7,common/img/e236f8a08a42923a.jpg
445,Palette,2,8.0,,common/img/e9573b5c6882f25b.jpg
445,Palette,3,12.0,12.1,common/img/e9573b5c6882f25b.jpg
447,パーフェクト生命,2,10.0,,common/img/7b12d66ee6250e26.jpg
447,パーフェクト生命,3,12.5,12.7,common/img/7b12d66ee6250e26.jpg
448,のぼれ！すすめ！高い塔,2,9.5,,common/img/638c42b31d057e48.jpg
448,のぼれ！すすめ！高い塔,3,13.0,13.3,common/img/638c42b31d057e48.jpg
449,害虫,2,10.0,,common/img/fae01ef5de4069ac.jpg
449,害虫,3,13.0,13.2,common/img/fae01ef5de4069ac.jpg
540,砂の惑星 feat. HATSUNE MIKU,2,8.0,,common/img/85e49b02887f58c1.jpg
540,砂の惑星 feat. HATSUNE MIKU,3,12.0,12.3,common/img/85e49b02887f58c1.jpg
371,アンハッピーリフレイン,2,9.5,,common/img/ad2ef043b1bd490f.jpg
371,アンハッピーリフレイン,3,12.5,12.7,common/img/ad2ef043b1bd490f.jpg
372,すきなことだけでいいです,2,8.0,,common/img/9c39b668e99ce253.jpg
372,すきなことだけでいいです,3,12.0,12.2,common/img/9c39b668e99ce253.jpg
373,デリヘル呼んだら君が来た,2,8.5,,common/img/4f8e04cdc467480d.jpg
373,デリヘル呼んだら君が来た,3,12.0,12.4,common/img/4f8e04cdc467480d.jpg
374,チュルリラ・チュルリラ・ダッダッダ！,2,10.0,,common/img/189a65f52bd06239.jpg
374,チュルリラ・チュルリラ・ダッダッダ！,3,12.0,12.5,common/img/189a65f52bd06239.jpg
375,だんだん早くなる,2,9.0,,common/img/ddfafd0206d04707.jpg
375,だんだん早くなる,3,11.0,11.5,common/img/ddfafd0206d04707.jpg
376,ECHO,2,9.5,,common/img/b1e915b646c9ba08.jpg
376,ECHO,3,12.0,12.2,common/img/b1e915b646c9ba08.jpg
369,エイリアンエイリアン,2,9.0,,common/img/d3a5a61b5eb2b8fb.jpg
369,エイリアンエイリアン,3,11.5,,common/img/d3a5a61b5eb2b8fb.jpg
411,地球最後の告白を,2,9.0,,common/img/dc09ca21d0647779.jpg
411,地球最後の告白を,3,12.0,12.3,common/img/dc09ca21d0647779.jpg
370,虎視眈々,2,8.5,,common/img/f93fba04ff1c0c54.jpg
370,虎視眈々,3,12.0,12.4,common/img/f93fba04ff1c0c54.jpg
368,おこちゃま戦争,2,10.0,,common/img/8b14785409866748.jpg
368,おこちゃま戦争,3,12.5,12.8,common/img/8b14785409866748.jpg
365,桜ノ雨,2,8.0,,common/img/83fc53563032873e.jpg
365,桜ノ雨,3,10.5,,common/img/83fc53563032873e.jpg
367,いーあるふぁんくらぶ,2,8.0,,common/img/0c6288729e80a1df.jpg
367,いーあるふぁんくらぶ,3,11.0,,common/img/0c6288729e80a1df.jpg
294,人生リセットボタン,2,10.0,,common/img/c63005195d15922e.jpg
294,人生リセットボタン,3,12.5,12.8,common/img/c63005195d15922e.jpg
283,神曲,2,8.5,,common/img/c658788de6594b15.jpg
283,神曲,3,12.0,12,common/img/c658788de6594b15.jpg
301,白い雪のプリンセスは,2,9.0,,common/img/62941303552504e8.jpg
301,白い雪のプリンセスは,3,12.0,12.2,common/img/62941303552504e8.jpg
275,愛言葉,2,8.0,,common/img/169a5a5ffa300cb7.jpg
275,愛言葉,3,11.0,,common/img/169a5a5ffa300cb7.jpg
271,鬼KYOKAN,2,10.0,,common/img/99b79d4bd74e476c.jpg
271,鬼KYOKAN,3,12.5,12.8,common/img/99b79d4bd74e476c.jpg
272,有頂天ビバーチェ,2,8.5,,common/img/98b02f86db4d3fe2.jpg
272,有頂天ビバーチェ,3,11.5,,common/img/98b02f86db4d3fe2.jpg
284,幸せになれる隠しコマンドがあるらしい,2,10.0,,common/img/16b25dc6eb7765aa.jpg
284,幸せになれる隠しコマンドがあるらしい,3,12.5,12.7,common/img/16b25dc6eb7765aa.jpg
293,インビジブル,2,10.5,,common/img/c58227eb0d14938c.jpg
293,インビジブル,3,13.0,13.2,common/img/c58227eb0d14938c.jpg
270,エンヴィキャットウォーク,2,9.0,,common/img/21dfcd3ae2c5c370.jpg
270,エンヴィキャットウォーク,3,12.0,12.4,common/img/21dfcd3ae2c5c370.jpg
282,アカツキアライヴァル,2,9.5,,common/img/4a51a3a5dc24c579.jpg
282,アカツキアライヴァル,3,11.5,,common/img/4a51a3a5dc24c579.jpg
281,ラクガキスト,2,11.0,11.1,common/img/330e57eeeb0fb2cd.jpg
281,ラクガキスト,3,13.0,13.4,common/img/330e57eeeb0fb2cd.jpg
280,リモコン,2,8.0,,common/img/f78d1487c34efa6e.jpg
280,リモコン,3,11.5,,common/img/f78d1487c34efa6e.jpg
119,アウターサイエンス,2,9.0,,common/img/a7dd6716fcae0cb8.jpg
119,アウターサイエンス,3,12.0,12.3,common/img/a7dd6716fcae0cb8.jpg
336,シジョウノコエ VOCALO ver.,2,9.0,,common/img/e40fceaa1bb587b7.jpg
336,シジョウノコエ VOCALO ver.,3,12.0,12.2,common/img/e40fceaa1bb587b7.jpg
273,ビバハピ,2,9.0,,common/img/604157e2c49d91d7.jpg
273,ビバハピ,3,11.5,,common/img/604157e2c49d91d7.jpg
286,Tell Your World,2,8.0,,common/img/afcce0c85c1f8610.jpg
286,Tell Your World,3,11.0,11.5,common/img/afcce0c85c1f8610.jpg
278,からくりピエロ,2,8.5,,common/img/5f1d7a520a2735d4.jpg
278,からくりピエロ,3,11.0,11.4,common/img/5f1d7a520a2735d4.jpg
279,深海少女,2,8.0,,common/img/84ecaebe6bce2a58.jpg
279,深海少女,3,11.5,,common/img/84ecaebe6bce2a58.jpg
287,ロミオとシンデレラ,2,10.0,,common/img/5febf5df2b5094f3.jpg
287,ロミオとシンデレラ,3,11.5,,common/img/5febf5df2b5094f3.jpg
7,初音ミクの消失,2,12.0,12,common/img/b602913a68fca621.jpg
7,初音ミクの消失,3,13.0,13.4,common/img/b602913a68fca621.jpg
316,みくみくにしてあげる♪【してやんよ】,2,8.5,,common/img/88f9536c08cb4e3f.jpg
316,みくみくにしてあげる♪【してやんよ】,3,11.0,11.5,common/img/88f9536c08cb4e3f.jpg
263,Hand in Hand,2,8.5,,common/img/015358a0c0580022.jpg
263,Hand in Hand,3,11.5,,common/img/015358a0c0580022.jpg
216,放課後革命,2,9.5,,common/img/3227722a8345a950.jpg
216,放課後革命,3,12.0,12.3,common/img/3227722a8345a950.jpg
217,楽園ファンファーレ,2,9.0,,common/img/2b3c90b1dab1ecff.jpg
217,楽園ファンファーレ,3,11.5,,common/img/2b3c90b1dab1ecff.jpg
225,ウミユリ海底譚,2,9.5,,common/img/6f86e2a47e9a283c.jpg
225,ウミユリ海底譚,3,12.0,12.1,common/img/6f86e2a47e9a283c.jpg
210,アスノヨゾラ哨戒班,2,9.0,,common/img/040cd43234aed57a.jpg
210,アスノヨゾラ哨戒班,3,12.0,12.4,common/img/040cd43234aed57a.jpg
211,天樂,2,9.5,,common/img/d99079fecaa936ab.jpg
211,天樂,3,12.0,12.2,common/img/d99079fecaa936ab.jpg
251,Crazy ∞ nighT,2,8.5,,common/img/457722c9f3ff5473.jpg
251,Crazy ∞ nighT,3,12.0,12.5,common/img/457722c9f3ff5473.jpg
223,カミサマネジマキ,2,11.0,11,common/img/8ec9a26e11ec1a40.jpg
223,カミサマネジマキ,3,13.0,13,common/img/8ec9a26e11ec1a40.jpg
131,チルドレンレコード,2,10.0,,common/img/38d3c5a5a45c6d07.jpg
131,チルドレンレコード,3,12.5,12.7,common/img/38d3c5a5a45c6d07.jpg
220,如月アテンション,2,9.0,,common/img/c3041fd82b0a0710.jpg
220,如月アテンション,3,12.0,12.3,common/img/c3041fd82b0a0710.jpg
240,夜咄ディセイブ,2,10.0,,common/img/47397105bad447fb.jpg
240,夜咄ディセイブ,3,12.0,12.6,common/img/47397105bad447fb.jpg
224,恋愛裁判,2,8.5,,common/img/b9d170f84c1bb5d3.jpg
224,恋愛裁判,3,11.0,,common/img/b9d170f84c1bb5d3.jpg
228,このふざけた素晴らしき世界は、僕の為にある,2,8.5,,common/img/882be51fe439614d.jpg
228,このふざけた素晴らしき世界は、僕の為にある,3,12.0,12,common/img/882be51fe439614d.jpg
222,Mr. Wonderland,2,10.5,,common/img/ad33a423c865bed1.jpg
222,Mr. Wonderland,3,12.5,12.9,common/img/ad33a423c865bed1.jpg
213,星屑ユートピア,2,9.0,,common/img/c6d494f528391d1c.jpg
213,星屑ユートピア,3,11.5,,common/img/c6d494f528391d1c.jpg
212,いろは唄,2,9.0,,common/img/1ee29f73ee8f53d0.jpg
212,いろは唄,3,12.0,12.1,common/img/1ee29f73ee8f53d0.jpg
252,愛迷エレジー,2,9.5,,common/img/bb221e3de960de7d.jpg
252,愛迷エレジー,3,12.0,12.3,common/img/bb221e3de960de7d.jpg
181,ユクエシレズ,2,8.0,,common/img/9d6dd142a2815bbf.jpg
181,ユクエシレズ,3,10.5,,common/img/9d6dd142a2815bbf.jpg
165,ぼくらの16bit戦争,2,9.5,,common/img/1e85c4b6775c84b0.jpg
165,ぼくらの16bit戦争,3,12.5,12.8,common/img/1e85c4b6775c84b0.jpg
179,すろぉもぉしょん,2,8.0,,common/img/0e73189a7083e4f4.jpg
179,すろぉもぉしょん,3,11.0,,common/img/0e73189a7083e4f4.jpg
166,裏表ラバーズ,2,9.0,,common/img/5a0ac8501e3b95ce.jpg
166,裏表ラバーズ,3,11.5,,common/img/5a0ac8501e3b95ce.jpg
168,ネトゲ廃人シュプレヒコール,2,9.0,,common/img/1982767436fc52d8.jpg
168,ネトゲ廃人シュプレヒコール,3,11.5,,common/img/1982767436fc52d8.jpg
167,脳漿炸裂ガール,2,10.5,,common/img/24611f2e2374e6a8.jpg
167,脳漿炸裂ガール,3,12.5,12.7,common/img/24611f2e2374e6a8.jpg
156,FREELY TOMORROW,2,8.0,,common/img/b33923bd4e6e5609.jpg
156,FREELY TOMORROW,3,11.0,11.4,common/img/b33923bd4e6e5609.jpg
157,ギガンティックO.T.N,2,10.0,,common/img/573109ca9050f55d.jpg
157,ギガンティックO.T.N,3,12.5,12.9,common/img/573109ca9050f55d.jpg
133,シリョクケンサ,2,7.0,,common/img/566d55b9b73112d5.jpg
133,シリョクケンサ,3,11.0,,common/img/566d55b9b73112d5.jpg
132,イカサマライフゲイム,2,9.5,,common/img/1c508bbd42d335fe.jpg
132,イカサマライフゲイム,3,12.0,12.2,common/img/1c508bbd42d335fe.jpg
94,セツナトリップ,2,8.0,,common/img/164258c65c714d50.jpg
94,セツナトリップ,3,12.0,12.4,common/img/164258c65c714d50.jpg
47,六兆年と一夜物語,2,9.5,,common/img/5cb17a59f4b8c133.jpg
47,六兆年と一夜物語,3,12.0,12.1,common/img/5cb17a59f4b8c133.jpg
114,Sweet Devil,2,8.5,,common/img/b02c3912d1524d5c.jpg
114,Sweet Devil,3,11.0,11.6,common/img/b02c3912d1524d5c.jpg
38,天ノ弱,2,8.0,,common/img/529d98ad07709ae5.jpg
38,天ノ弱,3,11.0,11.1,common/img/529d98ad07709ae5.jpg
113,ストリーミングハート,2,8.0,,common/img/3f8eb68a4f6089dc.jpg
113,ストリーミングハート,3,11.0,11.4,common/img/3f8eb68a4f6089dc.jpg
23,一触即発☆禅ガール,2,9.0,,common/img/b8ab9573859ebe4f.jpg
23,一触即発☆禅ガール,3,12.0,12.1,common/img/b8ab9573859ebe4f.jpg
143,ODDS&ENDS,2,9.0,,common/img/579ee83aa6a9ceac.jpg
143,ODDS&ENDS,3,10.0,,common/img/579ee83aa6a9ceac.jpg
18,千本桜,2,8.0,,common/img/3c2606abe4dded71.jpg
18,千本桜,3,11.0,11.4,common/img/3c2606abe4dded71.jpg
118,腐れ外道とチョコレゐト,2,9.5,,common/img/17e485acfe11a67f.jpg
118,腐れ外道とチョコレゐト,3,12.0,12,common/img/17e485acfe11a67f.jpg
117,M.S.S.Planet,2,8.5,,common/img/88124d980ac7eca4.jpg
117,M.S.S.Planet,3,11.0,11.5,common/img/88124d980ac7eca4.jpg
27,タイガーランペイジ,2,9.5,,common/img/fdc3bb451f6403d2.jpg
27,タイガーランペイジ,3,12.0,12.5,common/img/fdc3bb451f6403d2.jpg
83,ロストワンの号哭,2,9.0,,common/img/181682bf5b277726.jpg
83,ロストワンの号哭,3,12.0,12.2,common/img/181682bf5b277726.jpg
426,華鳥風月,2,8.5,,common/img/6c2e56be54f35d83.jpg
426,華鳥風月,3,11.0,11.5,common/img/6c2e56be54f35d83.jpg
427,儚きもの人間,2,9.5,,common/img/b49a0669bb6e3d99.jpg
427,儚きもの人間,3,12.0,12.5,common/img/b49a0669bb6e3d99.jpg
504,Calamity Fortune,2,11.5,11.7,common/img/7f68ccfecfbf4fc6.jpg
504,Calamity Fortune,3,13.5,13.7,common/img/7f68ccfecfbf4fc6.jpg
20,taboo tears you up,2,9.0,,common/img/e2a1c87c96de9837.jpg
20,taboo tears you up,3,12.5,12.8,common/img/e2a1c87c96de9837.jpg
384,キュアリアス光吉古牌　－祭－,2,10.0,,common/img/2cf12519a485d471.jpg
384,キュアリアス光吉古牌　－祭－,3,12.0,12.4,common/img/2cf12519a485d471.jpg
382,"Help me, ERINNNNNN!! -Cranky remix-",2,9.0,,common/img/35f4cdddf050d04c.jpg
382,"Help me, ERINNNNNN!! -Cranky remix-",3,12.0,12.2,common/img/35f4cdddf050d04c.jpg
383,仙酌絶唱のファンタジア,2,9.0,,common/img/fbc64b4167aebad9.jpg
383,仙酌絶唱のファンタジア,3,12.0,12.6,common/img/fbc64b4167aebad9.jpg
191,幽闇に目醒めしは,2,8.0,,common/img/53862f1d50a76902.jpg
191,幽闇に目醒めしは,3,11.5,,common/img/53862f1d50a76902.jpg
192,Starlight Vision,2,9.5,,common/img/4ec159d338cfba9e.jpg
192,Starlight Vision,3,12.0,12.6,common/img/4ec159d338cfba9e.jpg
193,Club Ibuki in Break All,2,9.5,,common/img/8d15a77198c7b841.jpg
193,Club Ibuki in Break All,3,12.0,12.5,common/img/8d15a77198c7b841.jpg
194,Phantasm Brigade,2,9.0,,common/img/d483d1ca2a5e10ff.jpg
194,Phantasm Brigade,3,13.0,13,common/img/d483d1ca2a5e10ff.jpg
195,永遠のメロディ,2,8.0,,common/img/8fae9b1861d3f9af.jpg
195,永遠のメロディ,3,12.0,12.3,common/img/8fae9b1861d3f9af.jpg
377,泡沫、哀のまほろば,2,8.0,,common/img/841eecc396c5059a.jpg
377,泡沫、哀のまほろば,3,11.0,,common/img/841eecc396c5059a.jpg
379,愛き夜道 feat. ランコ、雨天決行,2,8.0,,common/img/021eef9b80989a2e.jpg
379,愛き夜道 feat. ランコ、雨天決行,3,12.0,12,common/img/021eef9b80989a2e.jpg
380,Starlight Dance Floor,2,8.5,,common/img/f5f99bf548dab947.jpg
380,Starlight Dance Floor,3,11.0,,common/img/f5f99bf548dab947.jpg
381,Witches night,2,8.5,,common/img/f489240491c703a5.jpg
381,Witches night,3,12.0,12,common/img/f489240491c703a5.jpg
186,ってゐ！　～えいえんてゐVer～,2,9.5,,common/img/e26ef92a66d5d07f.jpg
186,ってゐ！　～えいえんてゐVer～,3,11.5,,common/img/e26ef92a66d5d07f.jpg
187,患部で止まってすぐ溶ける～狂気の優曇華院,2,11.0,11,common/img/e6642a96885723c1.jpg
187,患部で止まってすぐ溶ける～狂気の優曇華院,3,13.0,13.1,common/img/e6642a96885723c1.jpg
300,No Routine,2,9.0,,common/img/012eb1ed09577836.jpg
300,No Routine,3,12.0,12.2,common/img/012eb1ed09577836.jpg
189,ひれ伏せ愚民どもっ！,2,9.5,,common/img/9310d07b7e02e73a.jpg
189,ひれ伏せ愚民どもっ！,3,12.5,12.7,common/img/9310d07b7e02e73a.jpg
190,エテルニタス・ルドロジー,2,10.0,,common/img/bbaa464731ab96a4.jpg
190,エテルニタス・ルドロジー,3,12.0,12.6,common/img/bbaa464731ab96a4.jpg
322,Imperishable Night 2006 (2016 Refine),2,10.5,,common/img/8b145fe4cf0c01bb.jpg
322,Imperishable Night 2006 (2016 Refine),3,13.0,13.6,common/img/8b145fe4cf0c01bb.jpg
292,月に叢雲華に風,2,8.0,,common/img/b12c25f87b1d036e.jpg
292,月に叢雲華に風,3,12.0,12.1,common/img/b12c25f87b1d036e.jpg
305,幻想のサテライト,2,11.0,11,common/img/266bd38219201fa1.jpg
305,幻想のサテライト,3,13.0,13.2,common/img/266bd38219201fa1.jpg
123,橙の幻想郷音頭,2,8.0,,common/img/39d3a23d98d95dcf.jpg
123,橙の幻想郷音頭,3,10.5,,common/img/39d3a23d98d95dcf.jpg
121,東方妖々夢 ～the maximum moving about～,2,9.0,,common/img/4196f71ce51620a0.jpg
121,東方妖々夢 ～the maximum moving about～,3,12.5,12.7,common/img/4196f71ce51620a0.jpg
93,蒼空に舞え、墨染の桜,2,8.5,,common/img/6b40809324937ec9.jpg
93,蒼空に舞え、墨染の桜,3,12.0,12.3,common/img/6b40809324937ec9.jpg
122,少女幻葬戦慄曲　～　Necro Fantasia,2,9.0,,common/img/67418ba28151c3ff.jpg
122,少女幻葬戦慄曲　～　Necro Fantasia,3,12.5,12.7,common/img/67418ba28151c3ff.jpg
177,Jimang Shot,2,9.5,,common/img/6e7843f9d831b0ac.jpg
177,Jimang Shot,3,12.5,12.7,common/img/6e7843f9d831b0ac.jpg
49,エピクロスの虹はもう見えない,2,8.0,,common/img/4583278e38c3bf29.jpg
49,エピクロスの虹はもう見えない,3,10.0,,common/img/4583278e38c3bf29.jpg
91,Yet Another ”drizzly rain”,2,9.0,,common/img/cb77a66b62023890.jpg
91,Yet Another ”drizzly rain”,3,11.0,,common/img/cb77a66b62023890.jpg
120,四次元跳躍機関,2,8.0,,common/img/a84a31e562efd7a0.jpg
120,四次元跳躍機関,3,12.5,12.7,common/img/a84a31e562efd7a0.jpg
149,緋色のDance,2,9.0,,common/img/c9c2fa20dcd9a46e.jpg
149,緋色のDance,3,11.5,,common/img/c9c2fa20dcd9a46e.jpg
92,最終鬼畜妹・一部声,2,10.0,,common/img/17315fb464f265bd.jpg
92,最終鬼畜妹・一部声,3,13.0,13,common/img/17315fb464f265bd.jpg
46,Bad Apple!! feat.nomico,2,8.0,,common/img/8160afaf810b433a.jpg
46,Bad Apple!! feat.nomico,3,10.5,,common/img/8160afaf810b433a.jpg
21,ナイト・オブ・ナイツ,2,9.0,,common/img/4f69fb126f579c2f.jpg
21,ナイト・オブ・ナイツ,3,11.5,,common/img/4f69fb126f579c2f.jpg
98,魔理沙は大変なものを盗んでいきました,2,8.0,,common/img/f7e67efaf6ced6ea.jpg
98,魔理沙は大変なものを盗んでいきました,3,11.0,,common/img/f7e67efaf6ced6ea.jpg
97,"Help me, ERINNNNNN!!",2,8.0,,common/img/68cc272aa2e0e62d.jpg
97,"Help me, ERINNNNNN!!",3,10.5,,common/img/68cc272aa2e0e62d.jpg
41,sweet little sister,2,9.0,,common/img/7f17441bc2582ec8.jpg
41,sweet little sister,3,11.0,,common/img/7f17441bc2582ec8.jpg
96,チルノのパーフェクトさんすう教室,2,8.0,,common/img/9d2ebc847487e01b.jpg
96,チルノのパーフェクトさんすう教室,3,11.5,,common/img/9d2ebc847487e01b.jpg
115,Dreaming,2,8.0,,common/img/9165ee58223accc0.jpg
115,Dreaming,3,11.0,,common/img/9165ee58223accc0.jpg
48,Unlimited Spark!,2,9.0,,common/img/b38eba298df2c6db.jpg
48,Unlimited Spark!,3,11.5,,common/img/b38eba298df2c6db.jpg
203,FLOWER,2,9.0,,common/img/101d4e7b03a5a89e.jpg
203,FLOWER,3,12.0,12,common/img/101d4e7b03a5a89e.jpg
204,ちくわパフェだよ☆CKP,2,9.0,,common/img/1ea73ffbba6d7ead.jpg
204,ちくわパフェだよ☆CKP,3,11.0,,common/img/1ea73ffbba6d7ead.jpg
232,Elemental Creation,2,11.0,11.3,common/img/a2069fdb9d860d36.jpg
232,Elemental Creation,3,13.0,13.5,common/img/a2069fdb9d860d36.jpg
233,アルストロメリア,2,9.5,,common/img/5fe5db1d2e40ee7a.jpg
233,アルストロメリア,3,12.0,12.2,common/img/5fe5db1d2e40ee7a.jpg
306,凛として咲く花の如く,2,9.0,,common/img/106d9eec68ed84b3.jpg
306,凛として咲く花の如く,3,12.0,12.2,common/img/106d9eec68ed84b3.jpg
385,Evans,2,10.5,,common/img/82c76a871596142c.jpg
385,Evans,3,13.0,13.4,common/img/82c76a871596142c.jpg
33,Blue Noise,2,9.5,,common/img/fddc37caee47286d.jpg
33,Blue Noise,3,13.0,13,common/img/fddc37caee47286d.jpg
89,JET,2,8.0,,common/img/a7b85d734fea4749.jpg
89,JET,3,11.0,11,common/img/a7b85d734fea4749.jpg
171,XL TECHNO,2,10.5,,common/img/25abef88cb12af3e.jpg
171,XL TECHNO,3,12.0,12.4,common/img/25abef88cb12af3e.jpg
298,PRIVATE SERVICE,2,9.5,,common/img/7c649691aa0c4b3d.jpg
298,PRIVATE SERVICE,3,12.0,12.6,common/img/7c649691aa0c4b3d.jpg
334,FLOATED CALM,2,10.0,,common/img/2704dddce9cd4e3c.jpg
334,FLOATED CALM,3,12.0,12.4,common/img/2704dddce9cd4e3c.jpg
409,Finite,2,10.5,,common/img/19f776c8daa51095.jpg
409,Finite,3,13.5,13.8,common/img/19f776c8daa51095.jpg
386,神威,2,12.5,12.7,common/img/8205ea9449f1b000.jpg
386,神威,3,13.5,13.9,common/img/8205ea9449f1b000.jpg
45,L9,2,9.0,,common/img/90dca26c66c5d5b7.jpg
45,L9,3,12.0,12.4,common/img/90dca26c66c5d5b7.jpg
142,Altale,2,9.0,,common/img/a8d181c5442df7d2.jpg
142,Altale,3,12.0,12.6,common/img/a8d181c5442df7d2.jpg
144,Aragami,2,9.0,,common/img/8b04b9ad2d49850c.jpg
144,Aragami,3,13.0,13.5,common/img/8b04b9ad2d49850c.jpg
3,B.B.K.K.B.K.K.,2,10.0,,common/img/d739ba44da6798a0.jpg
3,B.B.K.K.B.K.K.,3,11.5,,common/img/d739ba44da6798a0.jpg
128,The Formula,2,9.5,,common/img/7edc6879319accfd.jpg
128,The Formula,3,12.5,12.7,common/img/7edc6879319accfd.jpg
134,HAELEQUIN (Original Remaster),2,11.5,11.8,common/img/08a24ed249ed2eec.jpg
134,HAELEQUIN (Original Remaster),3,13.5,13.8,common/img/08a24ed249ed2eec.jpg
136,Äventyr,2,9.0,,common/img/c4f977d264deafb1.jpg
136,Äventyr,3,12.0,12.5,common/img/c4f977d264deafb1.jpg
135,Vallista,2,10.0,,common/img/e7ee14d9fe63d072.jpg
135,Vallista,3,13.0,13.5,common/img/e7ee14d9fe63d072.jpg
138,conflict,2,10.0,,common/img/478e8835e382f740.jpg
138,conflict,3,13.0,13.2,common/img/478e8835e382f740.jpg
169,elegante,2,10.0,,common/img/f092ddd9e1fe088b.jpg
169,elegante,3,11.0,,common/img/f092ddd9e1fe088b.jpg
173,Halcyon,2,10.5,,common/img/2e95529be9118a11.jpg
173,Halcyon,3,13.0,13.3,common/img/2e95529be9118a11.jpg
197,Jack-the-Ripper◆,2,11.5,11.7,common/img/ae6d3a8806e09613.jpg
197,Jack-the-Ripper◆,3,13.0,13.1,common/img/ae6d3a8806e09613.jpg
19,DRAGONLADY,2,11.0,11,common/img/0b98b8b4e7cfd997.jpg
19,DRAGONLADY,3,13.0,13.2,common/img/0b98b8b4e7cfd997.jpg
196,FREEDOM DiVE,2,11.5,11.9,common/img/ed40032f25177518.jpg
196,FREEDOM DiVE,3,13.5,13.7,common/img/ed40032f25177518.jpg
35,Lapis,2,9.5,,common/img/aabf49add818546d.jpg
35,Lapis,3,12.0,12.4,common/img/aabf49add818546d.jpg
208,SAMBISTA,2,10.0,,common/img/5bab1a38b98d59b5.jpg
208,SAMBISTA,3,12.5,12.7,common/img/5bab1a38b98d59b5.jpg
317,Air,2,10.0,,common/img/db15d5b7aefaa672.jpg
317,Air,3,13.0,13.2,common/img/db15d5b7aefaa672.jpg
318,DataErr0r,2,10.0,,common/img/f803d578eb4047eb.jpg
318,DataErr0r,3,13.0,13,common/img/f803d578eb4047eb.jpg
319,Say A Vengeance,2,9.5,,common/img/e9eeb98572b140bc.jpg
319,Say A Vengeance,3,12.0,12.6,common/img/e9eeb98572b140bc.jpg
320,010,2,9.0,,common/img/6b33d4fa539d5adb.jpg
320,010,3,12.0,12.6,common/img/6b33d4fa539d5adb.jpg
321,ERIS -Legend of Gaidelia-,2,9.0,,common/img/40cc7a6a264f88c1.jpg
321,ERIS -Legend of Gaidelia-,3,12.0,12.5,common/img/40cc7a6a264f88c1.jpg
137,Angel dust,2,11.0,11.4,common/img/13a5a9ca35a9b71b.jpg
137,Angel dust,3,13.5,13.7,common/img/13a5a9ca35a9b71b.jpg
323,Dreadnought,2,10.5,,common/img/282cb1cacd4c1bb4.jpg
323,Dreadnought,3,13.0,13.6,common/img/282cb1cacd4c1bb4.jpg
324,STAGER,2,10.0,,common/img/d51d4ffba9f8d45e.jpg
324,STAGER,3,12.0,12.6,common/img/d51d4ffba9f8d45e.jpg
325,Her Majesty,2,9.0,,common/img/97eca622afca0f15.jpg
325,Her Majesty,3,12.0,12.6,common/img/97eca622afca0f15.jpg
326,Sakura Fubuki,2,9.0,,common/img/fd01fc38e38042e3.jpg
326,Sakura Fubuki,3,12.0,12.5,common/img/fd01fc38e38042e3.jpg
291,Kronos,2,9.5,,common/img/9c5e71b3588dbc70.jpg
291,Kronos,3,12.0,12.4,common/img/9c5e71b3588dbc70.jpg
327,JULIAN,2,10.5,,common/img/17c363c1fd2fa7d1.jpg
327,JULIAN,3,12.5,12.7,common/img/17c363c1fd2fa7d1.jpg
302,Strahv,2,11.0,11,common/img/13446730e8b99f0e.jpg
302,Strahv,3,13.0,13.3,common/img/13446730e8b99f0e.jpg
297,風仁雷仁,2,9.0,,common/img/8463cebfa120b884.jpg
297,風仁雷仁,3,12.0,12.3,common/img/8463cebfa120b884.jpg
328,★LittlE HearTs★,2,11.0,11.4,common/img/c7cf3ce1e858e3f0.jpg
328,★LittlE HearTs★,3,13.5,13.7,common/img/c7cf3ce1e858e3f0.jpg
388,GOODTEK,2,10.5,,common/img/14edd93cf813cdc2.jpg
388,GOODTEK,3,13.0,13.3,common/img/14edd93cf813cdc2.jpg
389,Name of oath,2,11.0,11,common/img/f7be4abcf8f3e197.jpg
389,Name of oath,3,13.0,13.5,common/img/f7be4abcf8f3e197.jpg
390,Bird Sprite,2,8.5,,common/img/c23488ff88a819b9.jpg
390,Bird Sprite,3,12.0,12.2,common/img/c23488ff88a819b9.jpg
393,Dengeki Tube,2,11.0,11.3,common/img/de02f8c0217d9baa.jpg
393,Dengeki Tube,3,13.5,13.8,common/img/de02f8c0217d9baa.jpg
6,Reach for the Stars,2,9.0,,common/img/90589be457544570.jpg
6,Reach for the Stars,3,12.0,12.3,common/img/90589be457544570.jpg
88,The Concept of Love,2,10.0,,common/img/c4223e68340efa41.jpg
88,The Concept of Love,3,12.0,12.1,common/img/c4223e68340efa41.jpg
10,All I Want,2,8.0,,common/img/0d7bd146ebed6fba.jpg
10,All I Want,3,11.5,,common/img/0d7bd146ebed6fba.jpg
28,Pursuing My True Self,2,8.0,,common/img/14f8a733326f2f27.jpg
28,Pursuing My True Self,3,10.5,,common/img/14f8a733326f2f27.jpg
206,Signs Of Love (“Never More” ver.),2,8.5,,common/img/e10bbd173df15772.jpg
206,Signs Of Love (“Never More” ver.),3,11.5,,common/img/e10bbd173df15772.jpg
207,Your Affection (Daisuke Asakura Remix),2,9.5,,common/img/5151993f923b06a5.jpg
207,Your Affection (Daisuke Asakura Remix),3,11.5,,common/img/5151993f923b06a5.jpg
176,Dance!,2,9.0,,common/img/aa0cefb5a0f00457.jpg
176,Dance!,3,11.0,,common/img/aa0cefb5a0f00457.jpg
290,檄!帝国華撃団,2,8.0,,common/img/b1d08379f05c706e.jpg
290,檄!帝国華撃団,3,11.0,,common/img/b1d08379f05c706e.jpg
304,In The Blue Sky '01,2,8.0,,common/img/16cb8567115a2f2c.jpg
304,In The Blue Sky '01,3,11.5,,common/img/16cb8567115a2f2c.jpg
303,Dreams Dreams:Kids Ver.,2,7.5,,common/img/b895c09337da04cf.jpg
303,Dreams Dreams:Kids Ver.,3,10.0,,common/img/b895c09337da04cf.jpg
329,STAIRWAY TO GENERATION,2,9.0,,common/img/e869980ddd2f9c68.jpg
329,STAIRWAY TO GENERATION,3,12.0,12.3,common/img/e869980ddd2f9c68.jpg
416,Through The Tower,2,9.0,,common/img/d13c5d162e6fa57e.jpg
416,Through The Tower,3,12.0,12.4,common/img/d13c5d162e6fa57e.jpg
395,レッツゴー!陰陽師,2,8.0,,common/img/90be66e64c2417cb.jpg
395,レッツゴー!陰陽師,3,11.5,,common/img/90be66e64c2417cb.jpg
145,Change Our MIRAI！,2,8.5,,common/img/0bb58f15b16703ab.jpg
145,Change Our MIRAI！,3,11.5,,common/img/0bb58f15b16703ab.jpg
200,無敵We are one!!,2,9.5,,common/img/569e7b07c0696bc7.jpg
200,無敵We are one!!,3,12.0,12.1,common/img/569e7b07c0696bc7.jpg
330,ドキドキDREAM!!!,2,9.5,,common/img/b3ea0fe012eb7ea2.jpg
330,ドキドキDREAM!!!,3,12.0,12.1,common/img/b3ea0fe012eb7ea2.jpg
340,Still,2,9.0,,common/img/de62556bd83dd21d.jpg
340,Still,3,12.0,12.5,common/img/de62556bd83dd21d.jpg
150,brilliant better,2,9.5,,common/img/2a41ad71b77d12c9.jpg
150,brilliant better,3,11.5,,common/img/2a41ad71b77d12c9.jpg
158,フォルテシモBELL,2,8.5,,common/img/e3ce6712e8cddf10.jpg
158,フォルテシモBELL,3,11.0,,common/img/e3ce6712e8cddf10.jpg
161,私の中の幻想的世界観及びその顕現を想起させたある現実での出来事に関する一考察,2,9.0,,common/img/4ceb5aed4a4a1c47.jpg
161,私の中の幻想的世界観及びその顕現を想起させたある現実での出来事に関する一考察,3,12.0,12.5,common/img/4ceb5aed4a4a1c47.jpg
170,DETARAME ROCK&ROLL THEORY,2,9.0,,common/img/de40692ecc47778b.jpg
170,DETARAME ROCK&ROLL THEORY,3,11.0,,common/img/de40692ecc47778b.jpg
199,ハート・ビート,2,10.0,,common/img/d76afb63de1417f8.jpg
199,ハート・ビート,3,12.0,12.1,common/img/d76afb63de1417f8.jpg
331,猛進ソリストライフ！,2,9.5,,common/img/ec37e447b91995dd.jpg
331,猛進ソリストライフ！,3,12.0,12.2,common/img/ec37e447b91995dd.jpg
264,My Dearest Song,2,8.5,,common/img/f44c6b628889f8ec.jpg
264,My Dearest Song,3,12.0,12.2,common/img/f44c6b628889f8ec.jpg
268,Bang Babang Bang!!!,2,10.5,,common/img/e52af2b93636ccea.jpg
268,Bang Babang Bang!!!,3,12.5,12.8,common/img/e52af2b93636ccea.jpg
337,Tic Tac DREAMIN’,2,8.5,,common/img/2faebe5b438810f2.jpg
337,Tic Tac DREAMIN’,3,11.5,,common/img/2faebe5b438810f2.jpg
277,TRUST,2,9.0,,common/img/23e754d62862c0c4.jpg
277,TRUST,3,12.0,12.4,common/img/23e754d62862c0c4.jpg
265,猫祭り,2,9.5,,common/img/874f9509a5e5707e.jpg
265,猫祭り,3,12.0,12.3,common/img/874f9509a5e5707e.jpg
338,SPICY SWINGY STYLE,2,9.5,,common/img/379072a1ddcf1fe2.jpg
338,SPICY SWINGY STYLE,3,12.0,12.3,common/img/379072a1ddcf1fe2.jpg
245,"Help me, あーりん！",2,9.0,,common/img/630ac5b31e8ab816.jpg
245,"Help me, あーりん！",3,11.0,,common/img/630ac5b31e8ab816.jpg
246,なるとなぎのパーフェクトロックンロール教室,2,10.5,,common/img/d445e4878a818d8b.jpg
246,なるとなぎのパーフェクトロックンロール教室,3,12.5,12.8,common/img/d445e4878a818d8b.jpg
396,あねぺったん,2,9.0,,common/img/d15d3a298dac3df0.jpg
396,あねぺったん,3,12.0,12.1,common/img/d15d3a298dac3df0.jpg
430,ＧＯ！ＧＯ！ラブリズム♥ ～あーりん書類審査通過記念Ver.～,2,9.5,,common/img/eaa5090407bf9aed.jpg
430,ＧＯ！ＧＯ！ラブリズム♥ ～あーりん書類審査通過記念Ver.～,3,12.0,12.1,common/img/eaa5090407bf9aed.jpg
488,夢と夢～あの日のメロディ～,2,8.0,,common/img/424b4d3540141967.jpg
488,夢と夢～あの日のメロディ～,3,11.0,11.3,common/img/424b4d3540141967.jpg
99,言ノ葉カルマ,2,9.5,,common/img/ee332e6fa86661fd.jpg
99,言ノ葉カルマ,3,11.5,11.7,common/img/ee332e6fa86661fd.jpg
160,言ノ葉遊戯,2,9.0,,common/img/809bf2b3f8effa6f.jpg
160,言ノ葉遊戯,3,11.0,11.6,common/img/809bf2b3f8effa6f.jpg
227,洗脳,2,8.0,,common/img/74c77deb2f2e5e07.jpg
227,洗脳,3,11.0,11.5,common/img/74c77deb2f2e5e07.jpg
332,空威張りビヘイビア,2,9.0,,common/img/41001ddd4214d6b6.jpg
332,空威張りビヘイビア,3,12.0,12.3,common/img/41001ddd4214d6b6.jpg
398,天国と地獄 -言ノ葉リンネ-,2,9.0,,common/img/4e7b81501ccdd198.jpg
398,天国と地獄 -言ノ葉リンネ-,3,11.5,11.8,common/img/4e7b81501ccdd198.jpg
402,悪戯,2,9.0,,common/img/2b40dbdabb958a34.jpg
402,悪戯,3,12.0,12.2,common/img/2b40dbdabb958a34.jpg
403,りばーぶ,2,8.0,,common/img/2c9749de2183879c.jpg
403,りばーぶ,3,11.0,11.2,common/img/2c9749de2183879c.jpg
404,Barbed Eye,2,9.0,,common/img/dc67a58e35e06b96.jpg
404,Barbed Eye,3,12.0,12,common/img/dc67a58e35e06b96.jpg
405,分からない,2,10.5,,common/img/b91503d46e39a754.jpg
405,分からない,3,13.0,13.2,common/img/b91503d46e39a754.jpg
406,相思創愛,2,9.5,,common/img/8c01dde56f3baa9c.jpg
406,相思創愛,3,12.0,12.4,common/img/8c01dde56f3baa9c.jpg
226,Garakuta Doll Play,2,12.0,12.3,common/img/993b5cddb9d9badf.jpg
226,Garakuta Doll Play,3,13.5,13.8,common/img/993b5cddb9d9badf.jpg
397,Like the Wind [Reborn],2,11.0,11,common/img/3e545c372b926197.jpg
397,Like the Wind [Reborn],3,13.0,13.5,common/img/3e545c372b926197.jpg
538,AMAZING MIGHTYYYY!!!!,2,12.0,12,common/img/e03858fb5d391628.jpg
538,AMAZING MIGHTYYYY!!!!,3,13.5,13.8,common/img/e03858fb5d391628.jpg
202,GEMINI -C-,2,11.0,11.2,common/img/45112e2818cf80a2.jpg
202,GEMINI -C-,3,13.0,13.1,common/img/45112e2818cf80a2.jpg
201,Contrapasso -inferno-,2,12.0,12.4,common/img/a251c24a3cc4dbf7.jpg
201,Contrapasso -inferno-,3,13.5,13.9,common/img/a251c24a3cc4dbf7.jpg
59,Invitation,2,8.5,,common/img/2e1f76149139177c.jpg
59,Invitation,3,10.5,,common/img/2e1f76149139177c.jpg
79,ＧＯ！ＧＯ！ラブリズム♥,2,9.5,,common/img/281f821a06a7da18.jpg
79,ＧＯ！ＧＯ！ラブリズム♥,3,11.0,11.1,common/img/281f821a06a7da18.jpg
148,Theme of SeelischTact,2,9.0,,common/img/cd458a75aa049889.jpg
148,Theme of SeelischTact,3,11.0,11,common/img/cd458a75aa049889.jpg
71,Infantoon Fantasy,2,9.5,,common/img/2bf02bef3051ecaf.jpg
71,Infantoon Fantasy,3,12.0,12.3,common/img/2bf02bef3051ecaf.jpg
75,Counselor,2,9.5,,common/img/e1454dc2eeae2030.jpg
75,Counselor,3,11.5,11.7,common/img/e1454dc2eeae2030.jpg
140,Guilty,2,9.0,,common/img/0aad2e0ff661e7d1.jpg
140,Guilty,3,11.5,,common/img/0aad2e0ff661e7d1.jpg
163,幾四音-Ixion-,2,9.0,,common/img/fd6847e3bb2e3629.jpg
163,幾四音-Ixion-,3,11.0,11.3,common/img/fd6847e3bb2e3629.jpg
80,Grab your sword,2,8.0,,common/img/8caa7737f885980f.jpg
80,Grab your sword,3,10.0,,common/img/8caa7737f885980f.jpg
51,My First Phone,2,10.0,,common/img/161f13a787a00032.jpg
51,My First Phone,3,12.5,12.8,common/img/161f13a787a00032.jpg
64,今ぞ♡崇め奉れ☆オマエらよ！！～姫の秘メタル渇望～,2,9.0,,common/img/6bf934fede23724d.jpg
64,今ぞ♡崇め奉れ☆オマエらよ！！～姫の秘メタル渇望～,3,12.5,12.8,common/img/6bf934fede23724d.jpg
65,Anemone,2,9.0,,common/img/713d52aa40ed7fc4.jpg
65,Anemone,3,11.0,,common/img/713d52aa40ed7fc4.jpg
74,リリーシア,2,8.5,,common/img/feef37ed3d91cfbd.jpg
74,リリーシア,3,11.0,11,common/img/feef37ed3d91cfbd.jpg
95,砂漠のハンティングガール♡,2,9.0,,common/img/db38c119e4d8933e.jpg
95,砂漠のハンティングガール♡,3,12.0,12.1,common/img/db38c119e4d8933e.jpg
67,昵懇レファレンス,2,9.0,,common/img/11437ebc94947550.jpg
67,昵懇レファレンス,3,11.0,,common/img/11437ebc94947550.jpg
53,Teriqma,2,10.0,,common/img/73ad66e81061bba3.jpg
53,Teriqma,3,12.0,12.3,common/img/73ad66e81061bba3.jpg
100,After the rain,2,8.0,,common/img/f070e613ba7627ed.jpg
100,After the rain,3,10.5,,common/img/f070e613ba7627ed.jpg
108,The ether,2,10.0,,common/img/1ec3213366f4ad57.jpg
108,The ether,3,12.0,12,common/img/1ec3213366f4ad57.jpg
107,We Gonna Journey,2,10.0,,common/img/b43fef626f5b88cd.jpg
107,We Gonna Journey,3,13.0,13.1,common/img/b43fef626f5b88cd.jpg
105,overcome,2,8.5,,common/img/e2c982ae811a4536.jpg
105,overcome,3,10.5,,common/img/e2c982ae811a4536.jpg
82,Memories of Sun and Moon,2,8.0,,common/img/27ef71f8a76f1e8a.jpg
82,Memories of Sun and Moon,3,12.0,12.5,common/img/27ef71f8a76f1e8a.jpg
76,luna blu,2,11.5,11.9,common/img/93abb77776c70b47.jpg
76,luna blu,3,13.0,13.4,common/img/93abb77776c70b47.jpg
141,閃鋼のブリューナク,2,11.5,11.7,common/img/2e6c11edba79d997.jpg
141,閃鋼のブリューナク,3,13.0,13.5,common/img/2e6c11edba79d997.jpg
63,Gate of Fate,2,11.5,11.7,common/img/2df15f390356067f.jpg
63,Gate of Fate,3,13.0,13.2,common/img/2df15f390356067f.jpg
147,こころここから,2,8.5,,common/img/11c069c726d54e0b.jpg
147,こころここから,3,10.0,,common/img/11c069c726d54e0b.jpg
69,The wheel to the right,2,11.5,11.9,common/img/c2c4ece2034eb620.jpg
69,The wheel to the right,3,13.0,13.4,common/img/c2c4ece2034eb620.jpg
151,Alma,2,9.0,,common/img/7237488215dbd1d3.jpg
151,Alma,3,12.0,12.6,common/img/7237488215dbd1d3.jpg
70,STAR,2,9.5,,common/img/3ccebd87235f591c.jpg
70,STAR,3,12.0,12.4,common/img/3ccebd87235f591c.jpg
101,Tango Rouge,2,10.5,,common/img/81e347d3b96b2ae1.jpg
101,Tango Rouge,3,13.0,13,common/img/81e347d3b96b2ae1.jpg
152,Gustav Battle,2,11.5,11.8,common/img/f63fab30a7b6f160.jpg
152,Gustav Battle,3,13.0,13,common/img/f63fab30a7b6f160.jpg
180,怒槌,2,12.5,12.7,common/img/a732d43fd2a11e8f.jpg
180,怒槌,3,14.0,14,common/img/a732d43fd2a11e8f.jpg
146,夕暮れワンルーム,2,9.5,,common/img/d3b40f7b8e0758ff.jpg
146,夕暮れワンルーム,3,11.5,,common/img/d3b40f7b8e0758ff.jpg
68,乗り切れ受験ウォーズ,2,8.5,,common/img/145b9b6f4c27d78e.jpg
68,乗り切れ受験ウォーズ,3,11.0,,common/img/145b9b6f4c27d78e.jpg
178,stella=steLLa,2,10.0,,common/img/9f281db3bcc9353b.jpg
178,stella=steLLa,3,12.5,12.7,common/img/9f281db3bcc9353b.jpg
104,とーきょー全域★アキハバラ？,2,10.0,,common/img/ff945c9cb9e43e83.jpg
104,とーきょー全域★アキハバラ？,3,12.0,12.5,common/img/ff945c9cb9e43e83.jpg
103,エンドマークに希望と涙を添えて,2,11.5,11.7,common/img/3210d321c2700a57.jpg
103,エンドマークに希望と涙を添えて,3,13.5,13.7,common/img/3210d321c2700a57.jpg
205,SNIPE WHOLE,2,10.5,,common/img/3d7803669dd3fcb9.jpg
205,SNIPE WHOLE,3,12.5,12.7,common/img/3d7803669dd3fcb9.jpg
73,MUSIC PЯAYER,2,10.0,,common/img/0c2791f737ce1ff2.jpg
73,MUSIC PЯAYER,3,12.5,12.7,common/img/0c2791f737ce1ff2.jpg
52,Cyberozar,2,11.0,11.1,common/img/a62f975edc860e34.jpg
52,Cyberozar,3,13.0,13.2,common/img/a62f975edc860e34.jpg
72,Genesis,2,10.0,,common/img/ec3a366b4724f8f6.jpg
72,Genesis,3,13.0,13.5,common/img/ec3a366b4724f8f6.jpg
62,名も無い鳥,2,9.5,,common/img/9386971505bb20b0.jpg
62,名も無い鳥,3,12.0,12.4,common/img/9386971505bb20b0.jpg
90,L'épisode,2,11.5,11.7,common/img/19d57f9a7652308a.jpg
90,L'épisode,3,13.0,13.5,common/img/19d57f9a7652308a.jpg
61,GOLDEN RULE,2,11.0,11,common/img/2ccf97477eaf45ad.jpg
61,GOLDEN RULE,3,13.0,13.6,common/img/2ccf97477eaf45ad.jpg
106,宛城、炎上！！,2,12.0,12.2,common/img/8219519cc94d5524.jpg
106,宛城、炎上！！,3,13.5,13.8,common/img/8219519cc94d5524.jpg
254,その群青が愛しかったようだった,2,9.5,,common/img/2e617d713547fe84.jpg
254,その群青が愛しかったようだった,3,11.5,,common/img/2e617d713547fe84.jpg
267,心象蜃気楼,2,9.0,,common/img/a0d03551eb3930e9.jpg
267,心象蜃気楼,3,11.0,,common/img/a0d03551eb3930e9.jpg
77,ケモノガル,2,9.0,,common/img/01fc7f761272bfb4.jpg
77,ケモノガル,3,12.5,12.8,common/img/01fc7f761272bfb4.jpg
276,後夜祭,2,9.5,,common/img/82105b37d18450b6.jpg
276,後夜祭,3,12.0,12.3,common/img/82105b37d18450b6.jpg
102,Tuning Rangers,2,9.5,,common/img/7fc6ae1b488b88de.jpg
102,Tuning Rangers,3,12.0,12.5,common/img/7fc6ae1b488b88de.jpg
288,First Twinkle,2,8.5,,common/img/f29f10a963df60cf.jpg
288,First Twinkle,3,11.0,,common/img/f29f10a963df60cf.jpg
66,明るい未来,2,9.0,,common/img/c22702914849a11a.jpg
66,明るい未来,3,12.0,12.3,common/img/c22702914849a11a.jpg
250,Philosopher,2,11.5,11.8,common/img/989f4458fb34aa9d.jpg
250,Philosopher,3,13.0,13.5,common/img/989f4458fb34aa9d.jpg
248,Schrecklicher Aufstand,2,12.0,12.3,common/img/a2fdef9e4b278a51.jpg
248,Schrecklicher Aufstand,3,13.5,13.9,common/img/a2fdef9e4b278a51.jpg
261,ロボットプラネットユートピア,2,9.5,,common/img/6e917606db3c5a0e.jpg
261,ロボットプラネットユートピア,3,12.0,12.3,common/img/6e917606db3c5a0e.jpg
259,Oshama Scramble! (Cranky Remix),2,11.0,11.3,common/img/4d66e5d1669d79a2.jpg
259,Oshama Scramble! (Cranky Remix),3,13.0,13,common/img/4d66e5d1669d79a2.jpg
230,Hyperion,2,10.0,,common/img/b59d2b2ab877a77d.jpg
230,Hyperion,3,12.0,12.5,common/img/b59d2b2ab877a77d.jpg
307,Paqqin,2,10.0,,common/img/ff9f70c8c0d9f24e.jpg
307,Paqqin,3,12.5,12.7,common/img/ff9f70c8c0d9f24e.jpg
229,紅華刑,2,12.0,12,common/img/73f86aec8d6c7c9b.jpg
229,紅華刑,3,13.0,13.4,common/img/73f86aec8d6c7c9b.jpg
262,Tidal Wave,2,10.5,,common/img/676e59847912f5ca.jpg
262,Tidal Wave,3,13.0,13.5,common/img/676e59847912f5ca.jpg
218,サウンドプレイヤー,2,9.0,,common/img/20359304f5e0574a.jpg
218,サウンドプレイヤー,3,12.0,12.4,common/img/20359304f5e0574a.jpg
260,D.E.A.D.L.Y.,2,9.0,,common/img/03f1dafe3b08607e.jpg
260,D.E.A.D.L.Y.,3,12.0,12.4,common/img/03f1dafe3b08607e.jpg
289,ウソラセラ,2,10.5,,common/img/0cece587cced4d3f.jpg
289,ウソラセラ,3,12.0,12.6,common/img/0cece587cced4d3f.jpg
257,BOKUTO,2,10.0,,common/img/bef9b79c637bf4c9.jpg
257,BOKUTO,3,13.0,13,common/img/bef9b79c637bf4c9.jpg
219,玩具狂奏曲 -終焉-,2,12.5,12.7,common/img/246f63902c4b0f89.jpg
219,玩具狂奏曲 -終焉-,3,14.0,14,common/img/246f63902c4b0f89.jpg
339,RevolutionGame,2,8.5,,common/img/65353f99e301c521.jpg
339,RevolutionGame,3,11.5,,common/img/65353f99e301c521.jpg
399,最愛テトラグラマトン,2,9.5,,common/img/854cf33a2b30f004.jpg
399,最愛テトラグラマトン,3,12.0,12.6,common/img/854cf33a2b30f004.jpg
256,札付きのワル　～マイケルのうた～,2,10.0,,common/img/755fb1e2b79ba896.jpg
256,札付きのワル　～マイケルのうた～,3,12.5,12.7,common/img/755fb1e2b79ba896.jpg
414,We Gonna Party -Feline Groove Mix-,2,11.0,11.3,common/img/cd2aebc19c4fa1cd.jpg
414,We Gonna Party -Feline Groove Mix-,3,13.0,13.3,common/img/cd2aebc19c4fa1cd.jpg
266,ゲシュタルト！テスト期間！！,2,9.0,,common/img/7e82a95c4bfa983a.jpg
266,ゲシュタルト！テスト期間！！,3,12.5,12.7,common/img/7e82a95c4bfa983a.jpg
341,おまかせ！！トラブルメイ娘☆とれびちゃん,2,9.5,,common/img/fc1cec7d2aeb6ca1.jpg
341,おまかせ！！トラブルメイ娘☆とれびちゃん,3,13.0,13.1,common/img/fc1cec7d2aeb6ca1.jpg
274,願い星,2,8.5,,common/img/7f2474bda00c94b0.jpg
274,願い星,3,11.0,,common/img/7f2474bda00c94b0.jpg
342,オススメ☆♂♀☆でぃすとぴあ,2,10.0,,common/img/6905b5ce0d115340.jpg
342,オススメ☆♂♀☆でぃすとぴあ,3,13.0,13.5,common/img/6905b5ce0d115340.jpg
295,響,2,9.5,,common/img/988d8172dbe8b42b.jpg
295,響,3,12.0,12,common/img/988d8172dbe8b42b.jpg
253,Warcry,2,10.0,,common/img/a2f5cd53acbfc981.jpg
253,Warcry,3,13.0,13.1,common/img/a2f5cd53acbfc981.jpg
310,覚醒楽奏メタフィクション,2,11.0,,common/img/ae93bd84b68781f6.jpg
310,覚醒楽奏メタフィクション,3,13.0,13.3,common/img/ae93bd84b68781f6.jpg
249,ドライヴ・オン・ザ・レインボー,2,10.5,,common/img/1a532b709f9834b6.jpg
249,ドライヴ・オン・ザ・レインボー,3,12.5,12.7,common/img/1a532b709f9834b6.jpg
335,Supersonic Generation,2,11.0,11.2,common/img/3c61434b8cb2aadf.jpg
335,Supersonic Generation,3,13.0,13.4,common/img/3c61434b8cb2aadf.jpg
234,Devastating Blaster,2,12.0,12.2,common/img/9af4b336821cdcc9.jpg
234,Devastating Blaster,3,13.5,13.9,common/img/9af4b336821cdcc9.jpg
258,TiamaT:F minor,2,12.5,12.8,common/img/f04c37ecd99f1d8c.jpg
258,TiamaT:F minor,3,14.0,14,common/img/f04c37ecd99f1d8c.jpg
407,混沌を越えし我らが神聖なる調律主を讃えよ,2,13.0,13,common/img/a9b25545cd935cc9.jpg
407,混沌を越えし我らが神聖なる調律主を讃えよ,3,14.0,14.1,common/img/a9b25545cd935cc9.jpg
432,光線チューニング,2,9.0,,common/img/94ae59f2fd71e5bd.jpg
432,光線チューニング,3,12.0,12.3,common/img/94ae59f2fd71e5bd.jpg
439,哀しみ集め,2,9.0,,common/img/3c283d55b0bb5031.jpg
439,哀しみ集め,3,12.0,12,common/img/3c283d55b0bb5031.jpg
440,キラメケ→Shoot it Now!,2,9.5,,common/img/deb8448e3b6a2705.jpg
440,キラメケ→Shoot it Now!,3,12.5,12.9,common/img/deb8448e3b6a2705.jpg
437,トリスメギストス,2,10.0,,common/img/4d043c46fa9f8adc.jpg
437,トリスメギストス,3,13.0,13.2,common/img/4d043c46fa9f8adc.jpg
436,PinqPiq,2,10.0,,common/img/71abc84583b47b72.jpg
436,PinqPiq,3,12.0,12.5,common/img/71abc84583b47b72.jpg
433,立川浄穢捕物帳,2,9.5,,common/img/fe3f9913f056f5bc.jpg
433,立川浄穢捕物帳,3,13.0,13,common/img/fe3f9913f056f5bc.jpg
438,WE GOTTA SOUL,2,8.5,,common/img/f3a23e078d6d8b31.jpg
438,WE GOTTA SOUL,3,12.0,12.2,common/img/f3a23e078d6d8b31.jpg
434,眠れぬ夜君を想フ,2,10.0,,common/img/f5c04b1858f3b79a.jpg
434,眠れぬ夜君を想フ,3,13.0,13.3,common/img/f5c04b1858f3b79a.jpg
435,JIGOKU STATION CENTRAL GATE,2,11.0,,common/img/1ab2b7720caa1c34.jpg
435,JIGOKU STATION CENTRAL GATE,3,13.0,13.3,common/img/1ab2b7720caa1c34.jpg
441,Kattobi KEIKYU Rider,2,12.0,12.5,common/img/3c1bda8d023fc1fe.jpg
441,Kattobi KEIKYU Rider,3,13.5,13.8,common/img/3c1bda8d023fc1fe.jpg
